설립구분,표준학교코드,학교명,관할조직명,도로명우편번호,도로명주소,도로명상세주소,설립일자,개교기념일,시도교육청코드,적재일시,위도,경도
공립,7134150,서울숭신초등학교,서울특별시성동광진교육지원청,4702,서울특별시 성동구 마장로 161,(하왕십리동),19590403,19590403,B10,20230326,37.5676959,127.0278038
사립,7134118,한양초등학교,서울특별시성동광진교육지원청,4763,서울특별시 성동구 살곶이길 208,/ 한양초등학교 (사근동),19660220,19660515,B10,20230326,37.5613868,127.0436916
사립,7134117,세종초등학교,서울특별시성동광진교육지원청,5006,서울특별시 광진구 군자로 114,/ 세종초등학교 (군자동),19621004,19621004,B10,20230326,37.5507345,127.0741314
사립,7134116,성동초등학교,서울특별시성동광진교육지원청,5114,서울특별시 광진구 자양로4길 63,(자양동),19661216,19670320,B10,20230326,37.53293670000001,127.0895315
공립,7134114,서울행현초등학교,서울특별시성동광진교육지원청,4713,서울특별시 성동구 행당로 95,(행당동),20050714,20050901,B10,20230326,37.5577402,127.0293614
공립,7134113,서울행당초등학교,서울특별시성동광진교육지원청,4746,서울특별시 성동구 고산자로8길 6,/ 서울행당초등학교 (행당동),19621026,19621026,B10,20230326,37.5566893,127.0346474
공립,7134112,서울중마초등학교,서울특별시성동광진교육지원청,4907,서울특별시 광진구 동일로72길 43,(중곡동),19821110,19821110,B10,20230326,37.5658818,127.0798086
공립,7134111,서울중광초등학교,서울특별시성동광진교육지원청,4908,서울특별시 광진구 긴고랑로13길 59,(중곡동/중광초등학교),19980901,19980901,B10,20230326,37.56514960000001,127.0825086
공립,7134110,서울장안초등학교,서울특별시성동광진교육지원청,5004,서울특별시 광진구 군자로 74,(군자동),19550319,19550319,B10,20230326,37.5499417,127.071995
공립,7134109,서울자양초등학교,서울특별시성동광진교육지원청,5054,서울특별시 광진구 아차산로44길 26,(자양동),19451210,19451210,B10,20230326,37.5368302,127.0795451
공립,7134108,서울응봉초등학교,서울특별시성동광진교육지원청,4742,서울특별시 성동구 독서당로62길 28,(응봉동/ 응봉초등학교),20020712,20021024,B10,20230326,37.5509166,127.03405
공립,7134107,서울용마초등학교,서울특별시성동광진교육지원청,4926,서울특별시 광진구 천호대로113길 10,(중곡동),19720801,19721123,B10,20230326,37.5579653,127.084207
공립,7134106,서울용답초등학교,서울특별시성동광진교육지원청,4805,서울특별시 성동구 용답25길 1,/ 서울용답초등학교,19830420,19830420,B10,20230326,37.560829,127.053555
공립,7134105,서울용곡초등학교,서울특별시성동광진교육지원청,4940,서울특별시 광진구 용마산로22길 82,/ 서울용곡초등학교 (중곡동),19780213,19780504,B10,20230326,37.5668387,127.0885593
공립,7134104,서울옥정초등학교,서울특별시성동광진교육지원청,4735,서울특별시 성동구 한림말길 43,(옥수동/옥정초등학교),19710522,19710522,B10,20230326,37.5416733,127.0155528
공립,7134103,서울옥수초등학교,서울특별시성동광진교육지원청,4740,서울특별시 성동구 금호로1길 25,/ 옥수초등학교 (금호동4가),19670327,19661202,B10,20230326,37.5459206,127.0221894
공립,7134102,서울양진초등학교,서울특별시성동광진교육지원청,4982,서울특별시 광진구 워커힐로 32,(광장동/양진초중학교),20050301,20050506,B10,20230326,37.5445232,127.0982459
공립,7134101,서울양남초등학교,서울특별시성동광진교육지원청,5114,서울특별시 광진구 뚝섬로64길 71,/ (자양동/ 서울양남초등학교),19831203,19840516,B10,20230326,37.5307405,127.0897285
공립,7134100,서울신자초등학교,서울특별시성동광진교육지원청,5110,서울특별시 광진구 뚝섬로46길 64,/ 서울신자초등학교 (자양동),19821207,19830504,B10,20230326,37.5300737,127.0755326
공립,7134099,서울신양초등학교,서울특별시성동광진교육지원청,5090,서울특별시 광진구 능동로 42,/ 신양초등학교 (자양동),19790411,19790411,B10,20230326,37.5345981,127.0691877
공립,7134098,서울송원초등학교,서울특별시성동광진교육지원청,4800,서울특별시 성동구 동일로43길 9,(송정동),20090301,20090301,B10,20230326,37.5540584,127.0694378
공립,7134097,서울성자초등학교,서울특별시성동광진교육지원청,5102,서울특별시 광진구 뚝섬로56길 7,/ 서울성자초등학교 (자양동),19840518,19840518,B10,20230326,37.5311675,127.0830972
공립,7134096,서울성수초등학교,서울특별시성동광진교육지원청,4798,서울특별시 성동구 아차산로17길 21,(성수동2가),19720901,19721201,B10,20230326,37.5442513,127.0634269
공립,7134095,서울사근초등학교,서울특별시성동광진교육지원청,4761,서울특별시 성동구 사근동11길 16,(사근동/ 사근초등학교),19670711,19671113,B10,20230326,37.5628186,127.0477686
공립,7134094,서울무학초등학교,서울특별시성동광진교육지원청,4710,서울특별시 성동구 무학봉15길 21,/ 서울무학초등학교 (하왕십리동),19150901,19150901,B10,20230326,37.562957,127.0295536
공립,7134093,서울마장초등학교,서울특별시성동광진교육지원청,4753,서울특별시 성동구 마장로35나길 31,/ 서울마장초등학교 (마장동),20050301,20050301,B10,20230326,37.5683436,127.0419269
공립,7134092,서울동호초등학교,서울특별시성동광진교육지원청,4731,서울특별시 성동구 매봉길 49-35,(옥수동/ 동호초등학교),20100301,20100430,B10,20230326,37.5468617,127.0103129
공립,7134091,서울동자초등학교,서울특별시성동광진교육지원청,5069,서울특별시 광진구 뚝섬로 561,(자양동),19841205,19841205,B10,20230326,37.5347052,127.0721208
공립,7134090,서울동의초등학교,서울특별시성동광진교육지원청,4948,서울특별시 광진구 영화사로 111,(구의동/서울동의초등학교),19870709,19871026,B10,20230326,37.5533804,127.0988236
공립,7134089,서울동명초등학교,서울특별시성동광진교육지원청,4705,서울특별시 성동구 마장로29길 29,/ 서울동명초등학교 (마장동),19441010,19441010,B10,20230326,37.5687519,127.0357193
공립,7134088,서울금호초등학교,서울특별시성동광진교육지원청,4726,서울특별시 성동구 무수막길 69,/ 서울금호초등학교 (금호동2가),19580401,19580401,B10,20230326,37.5525447,127.0200964
공립,7134087,서울금옥초등학교,서울특별시성동광진교육지원청,4725,서울특별시 성동구 독서당로 251,(금호동4가/ 서울금옥초등학교),19620412,19620412,B10,20230326,37.5461966,127.0178855
공립,7134086,서울금북초등학교,서울특별시성동광진교육지원청,4721,서울특별시 성동구 행당로1길 13,/ 서울금북초등학교 (금호동1가),19681126,19681126,B10,20230326,37.5571241,127.0234702
공립,7134085,서울구의초등학교,서울특별시성동광진교육지원청,5022,서울특별시 광진구 광나루로30길 49,/ 서울구의초등학교 (화양동),19811226,19820422,B10,20230326,37.5427858,127.0803624
공립,7134084,서울구남초등학교,서울특별시성동광진교육지원청,5048,서울특별시 광진구 구의강변로 69,/ 서울구남초등학교 (구의동),19980301,19980605,B10,20230326,37.536883,127.0923038
공립,7134083,서울광진초등학교,서울특별시성동광진교육지원청,4980,서울특별시 광진구 자양로40길 41,/ 서울광진초등학교 (구의동),20030901,20030901,B10,20230326,37.5476007,127.0912271
공립,7134082,서울광장초등학교,서울특별시성동광진교육지원청,4966,서울특별시 광진구 광장로1길 27,/ 서울광장초등학교 (광장동),19461110,19461110,B10,20230326,37.54822559999999,127.1013147
공립,7134081,서울광남초등학교,서울특별시성동광진교육지원청,4973,서울특별시 광진구 아차산로70길 35,(광장동),19900120,19900607,B10,20230326,37.5408123,127.1009358
공립,7134080,서울경일초등학교,서울특별시성동광진교육지원청,4774,서울특별시 성동구 뚝섬로 332,(성수동1가),19841031,19841031,B10,20230326,37.5404342,127.0470515
공립,7134079,서울경수초등학교,서울특별시성동광진교육지원청,4785,서울특별시 성동구 뚝섬로13길 22,(성수동2가/경수초등학교),19820429,19820429,B10,20230326,37.5397009,127.0584129
공립,7134078,서울경동초등학교,서울특별시성동광진교육지원청,4781,서울특별시 성동구 성수일로 34,(성수동1가/경동초등학교),19131001,19131001,B10,20230326,37.5430599,127.0504404
사립,7134077,경복초등학교,서울특별시성동광진교육지원청,4991,서울특별시 광진구 천호대로130길 58,/ 경복초등학교 (능동),19650302,19650302,B10,20230326,37.5503951,127.087338
사립,7132122,중앙대학교사범대학부속초등학교,서울특별시동작관악교육지원청,6973,서울특별시 동작구 서달로 135,(흑석동/ 중앙대부속초등학교),19641203,19650308,B10,20230326,37.50544,126.9599814
공립,7132121,서울흑석초등학교,서울특별시동작관악교육지원청,6904,서울특별시 동작구 현충로 87,/ 서울흑석초등학교 (흑석동),19680520,19680923,B10,20230326,37.5086077,126.9651514
공립,7132120,서울행림초등학교,서울특별시동작관악교육지원청,7031,서울특별시 동작구 솔밭로 47,(사당동/행림초등학교),19920506,19920506,B10,20230326,37.4824861,126.964472
공립,7132119,서울청룡초등학교,서울특별시동작관악교육지원청,8833,서울특별시 관악구 관악로5길 61,(봉천동),19851018,19851018,B10,20230326,37.4759585,126.9512194
공립,7132118,서울조원초등학교,서울특별시동작관악교육지원청,8701,서울특별시 관악구 조원로 67,(신림동),20050301,20050301,B10,20230326,37.4841267,126.9095716
공립,7132117,서울인헌초등학교,서울특별시동작관악교육지원청,8792,서울특별시 관악구 낙성대로 23,(봉천동),19791231,19800402,B10,20230326,37.4764062,126.9601368
공립,7132116,서울은천초등학교,서울특별시동작관악교육지원청,8716,서울특별시 관악구 은천로 69,(봉천동),19580401,19580401,B10,20230326,37.4868215,126.9428898
공립,7132115,서울은로초등학교,서울특별시동작관악교육지원청,6973,서울특별시 동작구 서달로 115,/ 서울은로초등학교 (흑석동),19081101,19081101,B10,20230326,37.50336,126.9600697
공립,7132114,서울원신초등학교,서울특별시동작관악교육지원청,8846,서울특별시 관악구 광신길 177,/ 원신초등학교 (신림동),20020710,20021022,B10,20230326,37.4669668,126.9273667
공립,7132113,서울원당초등학교,서울특별시동작관악교육지원청,8739,서울특별시 관악구 봉천로 505,(봉천동),19721209,19730627,B10,20230326,37.4810793,126.9562093
공립,7132112,서울영화초등학교,서울특별시동작관악교육지원청,6933,서울특별시 동작구 등용로8길 3,/ 서울영화초등학교 (대방동),19620903,19620903,B10,20230326,37.5095162,126.9330178
공립,7132111,서울영본초등학교,서울특별시동작관악교육지원청,6915,서울특별시 동작구 만양로12가길 69,/ 서울영본초등학교 (본동),19671127,19671127,B10,20230326,37.5105459,126.9487309
공립,7132110,서울신우초등학교,서울특별시동작관악교육지원청,8823,서울특별시 관악구 호암로 498,/ 신우초등학교 (신림동),19770901,19780406,B10,20230326,37.4628309,126.9324964
공립,7132109,서울신성초등학교,서울특별시동작관악교육지원청,8839,서울특별시 관악구 신림로 114,/ 서울신성초등학교 (신림동),19820707,19821011,B10,20230326,37.4715828,126.936649
공립,7132108,서울신상도초등학교,서울특별시동작관악교육지원청,6967,서울특별시 동작구 장승배기로 14,(상도동/서울신상도초등학교),19810909,19820412,B10,20230326,37.499913,126.943221
공립,7132107,서울신봉초등학교,서울특별시동작관악교육지원청,8747,서울특별시 관악구 양녕로6나길 1,(봉천동),19810713,19811104,B10,20230326,37.4854451,126.9491973
공립,7132106,서울신림초등학교,서울특별시동작관악교육지원청,8842,서울특별시 관악구 문성로28길 31,/ 서울신림초등학교 (신림동),19700525,19700525,B10,20230326,37.4772244,126.9275135
공립,7132105,서울신남성초등학교,서울특별시동작관악교육지원청,7030,서울특별시 동작구 사당로 146,(사당동),19750311,19750311,B10,20230326,37.4885464,126.9652863
공립,7132104,서울신길초등학교,서울특별시동작관악교육지원청,6941,서울특별시 동작구 알마타길 16,(대방동),19640312,19640312,B10,20230326,37.5104253,126.9266963
공립,7132103,서울상현초등학교,서울특별시동작관악교육지원청,7039,서울특별시 동작구 상도로58길 21,(상도동),20120901,20121101,B10,20230326,37.49493950000001,126.9526964
공립,7132102,서울상도초등학교,서울특별시동작관악교육지원청,6961,서울특별시 동작구 성대로21길 62,(상도동/상도초등학교),19660206,19670311,B10,20230326,37.499852,126.9373202
공립,7132101,서울삼일초등학교,서울특별시동작관악교육지원청,7000,서울특별시 동작구 사당로23나길 27,/ 서울삼일초등학교 (사당동),20070901,20071101,B10,20230326,37.48846400000001,126.975284
공립,7132100,서울삼성초등학교,서울특별시동작관악교육지원청,8816,서울특별시 관악구 대학7길 52,/ 삼성초등학교 (신림동),19720803,19721023,B10,20230326,37.46807099999999,126.9410719
공립,7132099,서울사당초등학교,서울특별시동작관악교육지원청,8804,서울특별시 관악구 남현4길 51,/ 서울사당초등학교 (남현동),19720713,19720713,B10,20230326,37.4741386,126.9743404
공립,7132098,서울봉현초등학교,서울특별시동작관악교육지원청,8723,서울특별시 관악구 성현로 117,(봉천동/서울봉현초등학교),20030106,20030527,B10,20230326,37.4909513,126.9551678
공립,7132097,서울봉천초등학교,서울특별시동작관악교육지원청,8736,서울특별시 관악구 행운1라길 17,/ 서울봉천초등학교 (봉천동/봉천초등학교),19670915,19670915,B10,20230326,37.48313640000001,126.9578612
공립,7132096,서울본동초등학교,서울특별시동작관악교육지원청,6907,서울특별시 동작구 노량진로26길 16-40,/ 서울본동초등학교 (본동),19480825,19481030,B10,20230326,37.5105672,126.9540399
공립,7132095,서울보라매초등학교,서울특별시동작관악교육지원청,7063,서울특별시 동작구 여의대방로16길 30,/ 서울보라매초등학교 (신대방동),20050301,20050506,B10,20230326,37.49572070000001,126.9161111
공립,7132094,서울미성초등학교,서울특별시동작관악교육지원청,8770,서울특별시 관악구 문성로 79,/ 서울미성초등학교 (신림동),19800417,19800417,B10,20230326,37.4780229,126.9112511
공립,7132093,서울문창초등학교,서울특별시동작관악교육지원청,7066,서울특별시 동작구 신대방2길 14,(신대방동/서울문창초등학교),19460406,19460406,B10,20230326,37.4889443,126.9138717
공립,7132092,서울동작초등학교,서울특별시동작관악교육지원청,6992,서울특별시 동작구 동작대로29길 214,/ 서울동작초등학교 (사당동),19820707,19830406,B10,20230326,37.4940445,126.9770106
공립,7132091,서울대림초등학교,서울특별시동작관악교육지원청,6954,서울특별시 동작구 대방동1길 22,(대방동),19730801,19740402,B10,20230326,37.5006252,126.9256931
공립,7132090,서울당곡초등학교,서울특별시동작관악교육지원청,8711,서울특별시 관악구 보라매로2길 23,/ 23 (봉천동/당곡초등학교),19740910,19740910,B10,20230326,37.4902061,126.9300073
공립,7132089,서울노량진초등학교,서울특별시동작관악교육지원청,6924,서울특별시 동작구 장승배기로 160,(노량진동),19480320,19481010,B10,20230326,37.5119189,126.9404152
공립,7132088,서울남성초등학교,서울특별시동작관악교육지원청,7005,서울특별시 동작구 사당로23길 57-14,(사당동/ 서울남성초등학교),19670915,19671205,B10,20230326,37.4845922,126.9757041
공립,7132087,서울남사초등학교,서울특별시동작관악교육지원청,7014,서울특별시 동작구 동작대로13길 22,(사당동),19790927,19790927,B10,20230326,37.4823432,126.9788623
공립,7132086,서울남부초등학교,서울특별시동작관악교육지원청,8763,서울특별시 관악구 남부순환로163길 14,/ 서울남부초등학교 (신림동),19851008,19851008,B10,20230326,37.4848898,126.9221483
공립,7132085,서울난향초등학교,서울특별시동작관악교육지원청,8859,서울특별시 관악구 난향길 9,(신림동/난향초등학교),19810406,19810406,B10,20230326,37.4621543,126.91801
공립,7132084,서울난우초등학교,서울특별시동작관악교육지원청,8850,서울특별시 관악구 난우길 40,(신림동/난우초등학교),19761203,19761203,B10,20230326,37.4766125,126.9177438
공립,7132083,서울난곡초등학교,서울특별시동작관악교육지원청,8858,서울특별시 관악구 난곡로35길 102,(신림동/ 난곡초등학교),19710422,19710422,B10,20230326,37.4692461,126.9170719
공립,7132082,서울구암초등학교,서울특별시동작관악교육지원청,8724,서울특별시 관악구 구암길 1,/ 서울구암초등학교 (봉천동),19770211,19770211,B10,20230326,37.4892698,126.9469886
공립,7132081,서울관악초등학교,서울특별시동작관악교육지원청,8785,서울 관악구 청룡4길 49,/ 관악초등학교 (봉천동/관악초등학교),19711204,19711204,B10,20230326,37.4806341,126.9432666
공립,7132080,서울강남초등학교,서울특별시동작관악교육지원청,6912,서울특별시 동작구 강남초등길 15,(상도1동),19451102,19451102,B10,20230326,37.5061028,126.9527814
공립,7130270,서울위례솔초등학교,서울특별시강동송파교육지원청,5776,서울특별시 송파구 위례북로2길 12,/ 12,20220301,20220301,B10,20230326,37.4870071,127.1505885
공립,7130266,서울강빛초등학교,서울특별시강동송파교육지원청,5201,서울특별시 강동구 아리수로93다길 1,(강일동/ 강빛초중통합학교),20210301,20210301,B10,20230326,37.5744814,127.171308
공립,7130264,서울고현초등학교,서울특별시강동송파교육지원청,5274,서울특별시 강동구 상일로11길 110,/ 서울고현초등학교,20200301,20200301,B10,20230326,37.5540265,127.1658663
공립,7130255,서울해누리초등학교,서울특별시강동송파교육지원청,5698,서울특별시 송파구 송파대로37길 95,(가락동),20190301,20190301,B10,20230326,37.4982444,127.1021918
공립,7130251,서울강솔초등학교,서울특별시강동송파교육지원청,5214,서울특별시 강동구 고덕로97길 80,/ 서울강솔초등학교 (강일동),20170301,20170504,B10,20230326,37.5620986,127.180572
공립,7130245,서울위례별초등학교,서울특별시강동송파교육지원청,5850,서울특별시 송파구 위례광장로 243,/ 서울위례별초등학교 (장지동),20160301,20160504,B10,20230326,37.47882,127.1450435
공립,7130164,서울한산초등학교,서울특별시강동송파교육지원청,5371,서울특별시 강동구 풍성로 261,(서울한산초등학교/ 둔촌동),19900501,19900501,B10,20230326,37.5280975,127.1414832
공립,7130163,서울풍성초등학교,서울특별시강동송파교육지원청,5506,서울특별시 송파구 강동대로2길 13,/ (풍납동/풍성초등학교),19910424,19910424,B10,20230326,37.5260639,127.1132662
공립,7130162,서울풍납초등학교,서울특별시강동송파교육지원청,5522,서울특별시 송파구 풍성로 43,(풍납동),19800801,19800801,B10,20230326,37.5347879,127.1179092
공립,7130161,서울평화초등학교,서울특별시강동송파교육지원청,5831,서울특별시 송파구 송파대로26길 22,/ 서울평화초등학교 (가락동),19921021,19921021,B10,20230326,37.49138850000001,127.1223688
공립,7130160,서울토성초등학교,서울특별시강동송파교육지원청,5533,서울특별시 송파구 풍성로20길 44,/ 서울토성초등학교 (풍납동),19840421,19840421,B10,20230326,37.53180589999999,127.1151781
공립,7130159,서울천호초등학교,서울특별시강동송파교육지원청,5309,서울특별시 강동구 구천면로 310-11,(천호동/서울천호초등학교),19440501,19440920,B10,20230326,37.5472435,127.1363564
공립,7130158,서울천일초등학교,서울특별시강동송파교육지원청,5330,서울특별시 강동구 구천면로 266,/ 서울천일초등학교 (천호동),19851017,19851017,B10,20230326,37.5440326,127.1330243
공립,7130157,서울천동초등학교,서울특별시강동송파교육지원청,5341,서울특별시 강동구 성안로 200,/ 서울천동초등학교 (길동),19821207,19830607,B10,20230326,37.5405873,127.1376054
공립,7130156,서울중대초등학교,서울특별시강동송파교육지원청,5677,서울특별시 송파구 송파대로36길 8,(송파동),19241113,19241113,B10,20230326,37.5000495,127.1137683
공립,7130155,서울잠현초등학교,서울특별시강동송파교육지원청,5507,서울특별시 송파구 올림픽로37길 109,/ 서울잠현초등학교 (신천동),20080717,20081027,B10,20230326,37.5224117,127.1047662
공립,7130154,서울잠전초등학교,서울특별시강동송파교육지원청,5568,서울특별시 송파구 올림픽로12길 51,/ 서울잠전초등학교 (잠실동),19810909,19811126,B10,20230326,37.5067798,127.0842121
공립,7130153,서울잠일초등학교,서울특별시강동송파교육지원청,5501,서울특별시 송파구 올림픽로 95,/ 서울잠일초등학교 (잠실동),19760312,19761001,B10,20230326,37.514693,127.0815433
공립,7130152,서울잠실초등학교,서울특별시강동송파교육지원청,5507,서울특별시 송파구 올림픽로35길 20,(신천동/잠실초등학교),19751101,19751031,B10,20230326,37.5201075,127.1112729
공립,7130151,서울잠신초등학교,서울특별시강동송파교육지원청,5502,서울특별시 송파구 잠실로 32,/ 서울잠신초등학교 (잠실동),19810805,19811017,B10,20230326,37.5139836,127.0882126
공립,7130150,서울잠동초등학교,서울특별시강동송파교육지원청,5504,서울특별시 송파구 올림픽로35길 122,(신천동/ 잠동초등학교),19800929,19800929,B10,20230326,37.517964,127.1000485
공립,7130149,서울위례초등학교,서울특별시강동송파교육지원청,5410,서울특별시 강동구 명일로 23,(둔촌동),19811024,19811024,B10,20230326,37.5220776,127.1393156
공립,7130148,서울오륜초등학교,서울특별시강동송파교육지원청,5649,서울특별시 송파구 양재대로 1196,/ 서울오륜초등학교 (방이동),19881208,19890419,B10,20230326,37.5120578,127.1345437
공립,7130147,서울오금초등학교,서울특별시강동송파교육지원청,5654,서울특별시 송파구 위례성대로22길 11,(오금동/ 서울오금초등학교),19930720,19930720,B10,20230326,37.5091515,127.1318058
공립,7130146,서울영풍초등학교,서울특별시강동송파교육지원청,5744,서울특별시 송파구 오금로57길 15,/ 서울영풍초등학교 (거여동),19821010,19821010,B10,20230326,37.4959957,127.1429659
공립,7130145,서울아주초등학교,서울특별시강동송파교육지원청,5572,서울특별시 송파구 올림픽로4길 59,/ 서울아주초등학교 (잠실동),19861217,19870424,B10,20230326,37.505199,127.0759074
공립,7130144,서울신천초등학교,서울특별시강동송파교육지원청,5503,서울특별시 송파구 올림픽로 215,(잠실동/ 주공아파트),19590526,19590526,B10,20230326,37.5136269,127.0951912
공립,7130143,서울신암초등학교,서울특별시강동송파교육지원청,5242,서울특별시 강동구 올림픽로93길 33-16,/ 서울신암초등학교 (암사동),19801025,19801103,B10,20230326,37.54927259999999,127.1243068
공립,7130142,서울신명초등학교,서울특별시강동송파교육지원청,5300,서울특별시 강동구 명일로24길 33,/ 서울신명초등학교 (길동),19820504,19820504,B10,20230326,37.5413036,127.1495185
공립,7130141,서울신가초등학교,서울특별시강동송파교육지원청,5706,서울특별시 송파구 송이로 75,/ 서울신가초등학교 (가락동),19880802,19881020,B10,20230326,37.499982,127.1200903
공립,7130140,서울송파초등학교,서울특별시강동송파교육지원청,5666,서울특별시 송파구 백제고분로 400,(송파동),19851021,19851021,B10,20230326,37.5070489,127.1107543
공립,7130139,서울송전초등학교,서울특별시강동송파교육지원청,5607,서울특별시 송파구 석촌호수로 159,(잠실동),19780511,19781031,B10,20230326,37.5084498,127.094814
공립,7130138,서울송례초등학교,서울특별시강동송파교육지원청,5853,서울특별시 송파구 위례순환로 439,(장지동),20140301,20140501,B10,20230326,37.4777338,127.1385039
공립,7130137,서울세륜초등학교,서울특별시강동송파교육지원청,5649,서울특별시 송파구 양재대로 1264,/ 서울세륜초등학교 (방이동),19881208,19890419,B10,20230326,37.518577,127.1337805
공립,7130136,서울성일초등학교,서울특별시강동송파교육지원청,5396,서울특별시 강동구 성내로15길 33,/ 서울성일초등학교 (성내동),19831006,19831006,B10,20230326,37.5291419,127.128352
공립,7130135,서울성내초등학교,서울특별시강동송파교육지원청,5392,서울특별시 강동구 성내로3길 19,(성내동/ 서울성내초등학교),19690301,19690327,B10,20230326,37.531228,127.1223365
공립,7130134,서울선사초등학교,서울특별시강동송파교육지원청,5239,서울특별시 강동구 올림픽로 837,/ 서울선사초등학교 (암사동/ 서울선사초등학교),20010901,20011004,B10,20230326,37.5560275,127.1287608
공립,7130133,서울선린초등학교,서울특별시강동송파교육지원청,5367,서울특별시 강동구 진황도로61길 29,/ 서울선린초등학교 (둔촌동),19850701,19851024,B10,20230326,37.5292675,127.1457383
공립,7130132,서울석촌초등학교,서울특별시강동송파교육지원청,5689,서울특별시 송파구 가락로11길 26,/ 서울석촌초등학교 (석촌동),19890807,19900510,B10,20230326,37.5025525,127.1047464
공립,7130131,서울상일초등학교,서울특별시강동송파교육지원청,5283,서울특별시 강동구 천호대로 1477,(상일동),19211002,19211002,B10,20230326,37.54710470000001,127.1722921
공립,7130130,서울삼전초등학교,서울특별시강동송파교육지원청,5584,서울특별시 송파구 백제고분로28길 19,(삼전동),19831007,19831007,B10,20230326,37.5014438,127.0926088
공립,7130129,서울버들초등학교,서울특별시강동송파교육지원청,5555,서울특별시 송파구 석촌호수로 81,/ 서울버들초등학교 (잠실동),20070901,20071129,B10,20230326,37.5102634,127.0890916
공립,7130128,서울방이초등학교,서울특별시강동송파교육지원청,5636,서울특별시 송파구 위례성대로10길 4,/ 서울방이초등학교 (방이동),19810909,19820404,B10,20230326,37.5133996,127.1209514
공립,7130127,서울방산초등학교,서울특별시강동송파교육지원청,5645,서울특별시 송파구 오금로27길 42,(방이동),19911030,19920901,B10,20230326,37.5093853,127.1209624
공립,7130126,서울문현초등학교,서울특별시강동송파교육지원청,5799,서울특별시 송파구 충민로 137,/ (서울문현초등학교) (장지동),20070901,20071206,B10,20230326,37.4826368,127.1302714
공립,7130125,서울문정초등학교,서울특별시강동송파교육지원청,5797,서울특별시 송파구 문정로5길 20,/ 문정초등학교 (문정동),19841205,19850417,B10,20230326,37.4889157,127.1286451
공립,7130124,서울문덕초등학교,서울특별시강동송파교육지원청,5809,서울특별시 송파구 송이로34길 60,(문정동),19930720,19931026,B10,20230326,37.4849928,127.1275979
공립,7130123,서울묘곡초등학교,서울특별시강동송파교육지원청,5232,서울특별시 강동구 동남로79길 46,(고덕동),19850710,19851023,B10,20230326,37.5582374,127.1532582
공립,7130122,서울명일초등학교,서울특별시강동송파교육지원청,5256,서울특별시 강동구 고덕로38길 8,(암사동/ 서울명일초등학교),19800510,19801006,B10,20230326,37.5539222,127.1419775
공립,7130121,서울명원초등학교,서울특별시강동송파교육지원청,5268,서울특별시 강동구 명일로 364,/ 서울명원초등학교 (명일동),19861217,19870422,B10,20230326,37.5509277,127.1504473
공립,7130120,서울명덕초등학교,서울특별시강동송파교육지원청,5230,서울특별시 강동구 양재대로156길 11,/ 서울명덕초등학교 (고덕동),19841205,19850503,B10,20230326,37.5569095,127.1460394
공립,7130119,서울마천초등학교,서울특별시강동송파교육지원청,5758,서울특별시 송파구 마천로61다길 24,/ 서울마천초등학교 (마천동),19780201,19780504,B10,20230326,37.4953435,127.1523231
공립,7130118,서울둔촌초등학교,서울특별시강동송파교육지원청,5409,서울특별시 강동구 양재대로88길 27,/ 서울둔촌초등학교 (둔촌동),19791220,19800411,B10,20230326,37.5258587,127.1372794
공립,7130117,서울대명초등학교,서울특별시강동송파교육지원청,5271,서울특별시 강동구 상암로 271,(명일동/서울대명초등학교),19860301,19860506,B10,20230326,37.5471622,127.1532982
공립,7130116,서울남천초등학교,서울특별시강동송파교육지원청,5745,서울특별시 송파구 성내천로 207,(마천동),19831203,19840503,B10,20230326,37.5011138,127.150812
공립,7130115,서울길동초등학교,서울특별시강동송파교육지원청,5344,서울특별시 강동구 양재대로116길 69,/ 서울길동초등학교 (길동),19730106,19740607,B10,20230326,37.5382633,127.1444728
공립,7130114,서울고일초등학교,서울특별시강동송파교육지원청,5275,서울특별시 강동구 구천면로93길 20,/ 서울고일초등학교 (상일동),19831203,19840506,B10,20230326,37.5520548,127.1688703
공립,7130113,서울고명초등학교,서울특별시강동송파교육지원청,5267,서울특별시 강동구 고덕로46길 53,/ 서울고명초등학교 (명일동),19801129,19801129,B10,20230326,37.5526417,127.1468748
공립,7130112,서울고덕초등학교,서울특별시강동송파교육지원청,5221,서울특별시 강동구 아리수로82길 42,/ 고덕초등학교 (고덕동),19831203,19840511,B10,20230326,37.560771,127.1665894
공립,7130111,서울거원초등학교,서울특별시강동송파교육지원청,5789,서울특별시 송파구 양산로2길 26,(거여동/거원초등학교),19970901,19971107,B10,20230326,37.4878199,127.1450246
공립,7130110,서울거여초등학교,서울특별시강동송파교육지원청,5731,서울특별시 송파구 마천로25길 18,(오금동/ 거여초등학교),19670915,19671123,B10,20230326,37.5048584,127.1407471
공립,7130109,서울개롱초등학교,서울특별시강동송파교육지원청,5742,서울특별시 송파구 문정로 211,/ 서울개롱초등학교 (오금동),20071101,20080501,B10,20230326,37.4971691,127.1397585
공립,7130108,서울강일초등학교,서울특별시강동송파교육지원청,5213,서울특별시 강동구 아리수로98길 24,/ 서울강일초등학교 (강일동),19930720,20090901,B10,20230326,37.5649867,127.1772787
공립,7130107,서울강명초등학교,서울특별시강동송파교육지원청,5285,서울특별시 강동구 상일로 74-1,(상일동),20110301,20110504,B10,20230326,37.5545566,127.1733882
공립,7130106,서울강동초등학교,서울특별시강동송파교육지원청,5322,서울특별시 강동구 상암로14길 77,(천호동/서울강동초등학교),19760818,19770504,B10,20230326,37.5459232,127.129938
공립,7130105,서울강덕초등학교,서울특별시강동송파교육지원청,134803,서울특별시 강동구 동남로82길 94-54,(고덕동/서울강덕초등학교),19861217,20190902,B10,20230326,37.5588618,127.1608488
공립,7130104,서울가주초등학교,서울특별시강동송파교육지원청,5823,서울특별시 송파구 오금로40길 37,/ 서울가주초등학교 (가락동/ 가주초등학교),19960810,19961108,B10,20230326,37.496625,127.1290503
공립,7130103,서울가원초등학교,서울특별시강동송파교육지원청,5834,서울특별시 송파구 중대로4길 8,(문정동/ 가원초등학교),19881208,19890420,B10,20230326,37.4891195,127.1114055
공립,7130102,서울가락초등학교,서울특별시강동송파교육지원청,5698,서울특별시 송파구 송파대로37길 45,(가락동/ 가락초등학교),19810909,19810909,B10,20230326,37.4999216,127.1077796
공립,7130101,서울가동초등학교,서울특별시강동송파교육지원청,5820,서울특별시 송파구 중대로20길 47,(가락동),19900425,19900425,B10,20230326,37.497139,127.1303675
사립,7121340,우촌초등학교,서울특별시성북강북교육지원청,2831,서울특별시 성북구 성북로4길 52-1,(돈암동/우촌초등학교),19650324,19650415,B10,20230326,37.5956492,127.0117126
사립,7121339,영훈초등학교,서울특별시성북강북교육지원청,1211,서울특별시 강북구 도봉로13가길 19,(미아동/학교법인영훈학원),19650925,19650925,B10,20230326,37.6137546,127.0277791
사립,7121338,성신초등학교,서울특별시성북강북교육지원청,2840,서울특별시 성북구 북악산로 918,(돈암동/성신초등학교),19650308,19650428,B10,20230326,37.5941845,127.0229716
사립,7121337,매원초등학교,서울특별시성북강북교육지원청,2828,서울특별시 성북구 북악산로 870,(돈암동),19631205,19640309,B10,20230326,37.5979487,127.0198639
사립,7121336,대광초등학교,서울특별시성북강북교육지원청,2859,서울특별시 성북구 안암로 5,(보문동7가/대광초등학교),19651201,19660525,B10,20230326,37.5791594,127.0235866
사립,7121335,광운초등학교,서울특별시성북강북교육지원청,2763,서울특별시 성북구 한천로 694,/ 광운초등학교 (장위동/ 광운초등학교),19651025,19651025,B10,20230326,37.61425670000001,127.0589569
공립,7121334,서울화계초등학교,서울특별시성북강북교육지원청,1158,서울특별시 강북구 솔매로50가길 25,(미아동),19670915,19671021,B10,20230326,37.6238714,127.0292178
공립,7121333,서울청덕초등학교,서울특별시성북강북교육지원청,2706,서울특별시 성북구 정릉로9라길 11,(정릉동/서울청덕초등학교),19670910,19671130,B10,20230326,37.611907,127.000529
공립,7121332,서울정수초등학교,서울특별시성북강북교육지원청,2813,서울특별시 성북구 정릉로24길 58,(정릉동/서울정수초등학교),19860406,19860406,B10,20230326,37.6040953,127.007961
공립,7121331,서울정릉초등학교,서울특별시성북강북교육지원청,2701,서울특별시 성북구 솔샘로25가길 8,(정릉동/서울정릉초등학교),19850710,19851025,B10,20230326,37.6193281,127.0054527
공립,7121330,서울정덕초등학교,서울특별시성북강북교육지원청,2826,서울특별시 성북구 아리랑로 63,(동소문동7가/서울정덕초등학교),19461101,19461101,B10,20230326,37.59768280000001,127.0136083
공립,7121329,서울장위초등학교,서울특별시성북강북교육지원청,2769,서울특별시 성북구 장월로8가길 41,(장위동/서울장위초등학교),19461211,19491101,B10,20230326,37.6121311,127.0498869
공립,7121328,서울장월초등학교,서울특별시성북강북교육지원청,2758,서울특별시 성북구 한천로101길 66,(장위동/ 서울장월초등학교),20060719,20061030,B10,20230326,37.6220048,127.0470668
공립,7121327,서울장곡초등학교,서울특별시성북강북교육지원청,2754,서울특별시 성북구 장월로23길 16,(장위동/서울장곡초등학교),19780222,19780321,B10,20230326,37.6166901,127.0481912
공립,7121326,서울일신초등학교,서울특별시성북강북교육지원청,2795,서울특별시 성북구 월곡로 74,(종암동/서울일신초등학교),20000901,20000901,B10,20230326,37.5989164,127.0401417
공립,7121325,서울인수초등학교,서울특별시성북강북교육지원청,1020,서울특별시 강북구 인수봉로 269,(수유동/서울인수초등학교),19820707,19821025,B10,20230326,37.6428269,127.0099832
공립,7121324,서울유현초등학교,서울특별시성북강북교육지원청,1095,서울특별시 강북구 인수봉로37길 24,(수유동/서울유현초등학교),19740605,19740605,B10,20230326,37.6319398,127.011674
공립,7121323,서울월곡초등학교,서울특별시성북강북교육지원청,2747,서울특별시 성북구 장월로3길 42,(장위동/서울월곡초등학교),19710901,19720714,B10,20230326,37.60992390000001,127.046587
공립,7121322,서울우이초등학교,서울특별시성북강북교육지원청,1085,서울특별시 강북구 삼양로99길 36,(수유동/서울우이초등학교),19491002,19491002,B10,20230326,37.6384762,127.01493
공립,7121321,서울오현초등학교,서울특별시성북강북교육지원청,1230,서울특별시 강북구 월계로 221,(번동/오현초등학교),19911002,19911002,B10,20230326,37.6232155,127.0468038
공립,7121320,서울안암초등학교,서울특별시성북강북교육지원청,2850,서울특별시 성북구 고려대로7가길 39,(안암동2가/ 서울안암초등학교),19560324,19600607,B10,20230326,37.5871946,127.0226323
공립,7121319,서울숭인초등학교,서울특별시성북강북교육지원청,2741,서울특별시 성북구 오패산로16길 37,(하월곡동/서울숭인초등학교),19370401,19370401,B10,20230326,37.6088767,127.0374712
공립,7121318,서울숭례초등학교,서울특별시성북강북교육지원청,2811,서울특별시 성북구 종암로5길 14,(종암동/서울숭례초등학교),19451101,19451101,B10,20230326,37.5948961,127.034946
공립,7121317,서울숭덕초등학교,서울특별시성북강북교육지원청,2718,서울특별시 성북구 정릉로 279,(정릉동/서울숭덕초등학교),19450514,19450514,B10,20230326,37.6039236,127.0133439
공립,7121316,서울숭곡초등학교,서울특별시성북강북교육지원청,2736,서울특별시 성북구 종암로40길 30,(하월곡동/서울숭곡초등학교),19720301,19720301,B10,20230326,37.6084791,127.0324504
공립,7121315,서울수유초등학교,서울특별시성북강북교육지원청,1116,서울특별시 강북구 삼양로74길 39,/ 수유초등학교,19670309,19670309,B10,20230326,37.6305928,127.0202757
공립,7121314,서울수송초등학교,서울특별시성북강북교육지원청,1061,서울특별시 강북구 한천로124길 14,(번동),20010901,20010901,B10,20230326,37.6370942,127.0329991
공립,7121313,서울송천초등학교,서울특별시성북강북교육지원청,1208,서울특별시 강북구 삼양로20길 29,(미아동/서울송천초등학교),19661216,19670419,B10,20230326,37.6156559,127.0235919
공립,7121312,서울송중초등학교,서울특별시성북강북교육지원청,1165,서울특별시 강북구 오현로 9,(미아동/송중초등학교),19830701,19831118,B10,20230326,37.6169246,127.0315704
공립,7121311,서울성북초등학교,서울특별시성북강북교육지원청,2837,서울특별시 성북구 성북로 102-10,(성북동/서울성북초등학교),19460901,19420303,B10,20230326,37.5936544,126.9982793
공립,7121310,서울석관초등학교,서울특별시성북강북교육지원청,2783,서울특별시 성북구 돌곶이로22길 21,/ 서울석관초등학교 (석관동/서울석관초등학교),19710525,19711203,B10,20230326,37.6108977,127.0591729
공립,7121309,서울석계초등학교,서울특별시성북강북교육지원청,2780,서울특별시 성북구 한천로58길 273,(석관동),20050301,20050603,B10,20230326,37.608605,127.0697639
공립,7121308,서울삼양초등학교,서울특별시성북강북교육지원청,1181,서울특별시 강북구 삼양로49길 17,(미아동/삼양초등학교),19591110,19591110,B10,20230326,37.6235075,127.016635
공립,7121307,서울삼선초등학교,서울특별시성북강북교육지원청,2863,서울특별시 성북구 보문로29길 106,(삼선동3가/서울삼선초등학교),19490901,19490901,B10,20230326,37.5863104,127.0125541
공립,7121306,서울삼각산초등학교,서울특별시성북강북교육지원청,1198,서울특별시 강북구 삼양로19길 141,(미아동/삼각산초등학교),20011231,20020301,B10,20230326,37.6160105,127.0146386
공립,7121305,서울번동초등학교,서울특별시성북강북교육지원청,1224,서울특별시 강북구 오현로 204,(번동/번동초등학교),19910325,19910605,B10,20230326,37.6289878,127.0407102
공립,7121304,서울미양초등학교,서울특별시성북강북교육지원청,1187,서울특별시 강북구 솔샘로 195,(미아동/미양초등학교),19710105,19711113,B10,20230326,37.6209522,127.0137139
공립,7121303,서울미아초등학교,서울특별시성북강북교육지원청,2724,서울특별시 성북구 삼양로 77,(길음동/ 서울미아초등학교),19620328,19620328,B10,20230326,37.6104613,127.0217263
공립,7121302,서울동신초등학교,서울특별시성북강북교육지원청,2874,서울특별시 성북구 보문사길 50,(보문동3가/서울동신초등학교),19481101,19481101,B10,20230326,37.5826184,127.0169521
공립,7121301,서울돈암초등학교,서울특별시성북강북교육지원청,2830,서울특별시 성북구 동소문로13길 38,(동소문동6가/서울돈암초등학교),19440930,19440930,B10,20230326,37.5933531,127.0129865
공립,7121300,서울길음초등학교,서울특별시성북강북교육지원청,2723,서울특별시 성북구 길음로 142,(길음동/서울길음초등학교),19841205,19841205,B10,20230326,37.6139045,127.0174177
공립,7121299,서울길원초등학교,서울특별시성북강북교육지원청,2715,서울특별시 성북구 길음로15길 55,/ 서울길원초등학교 (길음동),20060105,20060301,B10,20230326,37.6092757,127.0166521
공립,7121298,서울개운초등학교,서울특별시성북강북교육지원청,2806,서울특별시 성북구 정릉로48길 52,(돈암동/서울개운초등학교),20020710,20020710,B10,20230326,37.6018084,127.0277709
공립,7091469,서울자곡초등학교,서울특별시강남서초교육지원청,6373,서울특별시 강남구 자곡로 150,(자곡동),20140901,20141024,B10,20230326,37.47210099999999,127.0996175
공립,7091468,서울율현초등학교,서울특별시강남서초교육지원청,6370,서울특별시 강남구 밤고개로21길 15,/ 서울율현초등학교 (자곡동),20140828,20140828,B10,20230326,37.47451520000001,127.108285
공립,7091460,서울우솔초등학교,서울특별시강남서초교육지원청,6767,서울특별시 서초구 양재대로2길 74,/ 서울우솔초등학교 (우면동),20130301,20130610,B10,20230326,37.4570244,127.0193154
공립,7091458,서울세명초등학교,서울특별시강남서초교육지원청,6375,서울특별시 강남구 자곡로 55,/ 서울세명초등학교 (세곡동),20120830,20121030,B10,20230326,37.4686014,127.0909942
공립,7091419,서울우면초등학교,서울특별시강남서초교육지원청,6765,서울특별시 서초구 태봉로,59,20120301,20120605,B10,20230326,37.4656378,127.0258724
공립,7091418,서울학동초등학교,서울특별시강남서초교육지원청,6100,서울특별시 강남구 선릉로115길 42,/ 서울학동초등학교 (논현동),19790126,19790411,B10,20230326,37.5120662,127.0398114
공립,7091417,서울포이초등학교,서울특별시강남서초교육지원청,6311,서울특별시 강남구 개포로22길 87,/ 서울포이초등학교 (개포동/포이초등학교),19901024,19901024,B10,20230326,37.4755995,127.0523238
공립,7091416,서울청담초등학교,서울특별시강남서초교육지원청,6010,서울특별시 강남구 압구정로71길 9,(청담동/청담초등학교),19800301,19800404,B10,20230326,37.5279801,127.0450373
공립,7091415,서울잠원초등학교,서울특별시강남서초교육지원청,6547,서울특별시 서초구 신반포로16길 15-25,(반포동/ 잠원초등학교),19780830,19781121,B10,20230326,37.5015562,126.9980944
공립,7091414,서울일원초등학교,서울특별시강남서초교육지원청,6345,서울특별시 강남구 영동대로4길 20,(일원동/일원초등학교),19841010,19841010,B10,20230326,37.4895034,127.0763998
공립,7091413,서울이수초등학교,서울특별시강남서초교육지원청,6692,서울특별시 서초구 방배천로4길 23,서울이수초등학교 (방배동/이수초등학교),19770901,19780413,B10,20230326,37.4781376,126.9846188
공립,7091412,서울원촌초등학교,서울특별시강남서초교육지원청,6544,서울특별시 서초구 사평대로45길 26,(반포동/서울원촌초등학교),19790918,19790918,B10,20230326,37.5059612,127.0127995
공립,7091411,서울원명초등학교,서울특별시강남서초교육지원청,6602,서울특별시 서초구 고무래로 90-6,(서초동/원명초등학교),19890704,19900504,B10,20230326,37.5005095,127.0167948
공립,7091410,서울우암초등학교,서울특별시강남서초교육지원청,6762,서울특별시 서초구 바우뫼로7길 38,(우면동/우암초등학교),19940805,19941101,B10,20230326,37.4719495,127.0245003
공립,7091409,서울왕북초등학교,서울특별시강남서초교육지원청,6353,서울특별시 강남구 광평로31길 74,(수서동/왕북초등학교),19631031,19631031,B10,20230326,37.4861747,127.0864664
공립,7091408,서울영희초등학교,서울특별시강남서초교육지원청,6338,서울특별시 강남구 일원로 21,(일원동/영희초등학교),19461001,19461001,B10,20230326,37.4919412,127.0812766
공립,7091407,서울역삼초등학교,서울특별시강남서초교육지원청,6251,서울특별시 강남구 강남대로66길 21,(역삼동/역삼초등학교),19780721,19790927,B10,20230326,37.4928011,127.0327832
공립,7091406,서울언주초등학교,서울특별시강남서초교육지원청,6268,서울특별시 강남구 남부순환로363길 19,(도곡동/언주초등학교),19270916,19271008,B10,20230326,37.4865471,127.0371722
공립,7091405,서울언북초등학교,서울특별시강남서초교육지원청,6066,서울특별시 강남구 삼성로135길 42,(청담동/언북초등학교),19450401,19450401,B10,20230326,37.5199691,127.0456266
공립,7091404,서울언남초등학교,서울특별시강남서초교육지원청,6800,서울특별시 서초구 헌릉로8길 42,(내곡동),19340416,19340416,B10,20230326,37.4539193,127.0615139
공립,7091403,서울양전초등학교,서울특별시강남서초교육지원청,6328,서울특별시 강남구 개포로 513,/ 서울양전초등학교,19881221,19890506,B10,20230326,37.4904255,127.07003
공립,7091402,서울양재초등학교,서울특별시강남서초교육지원청,6755,서울특별시 서초구 바우뫼로18길 14,(양재동/양재초등학교),19830719,19841024,B10,20230326,37.4738537,127.0319617
공립,7091401,서울압구정초등학교,서울특별시강남서초교육지원청,6004,서울특별시 강남구 압구정로39길 29,(압구정동/압구정초등학교),19760820,19770504,B10,20230326,37.5313997,127.0309069
공립,7091400,서울신중초등학교,서울특별시강남서초교육지원청,6712,서울특별시 서초구 남부순환로317길 15,(서초동/서울신중초등학교),19360601,19360601,B10,20230326,37.479992,127.0097706
공립,7091399,서울신동초등학교,서울특별시강남서초교육지원청,6517,서울특별시 서초구 나루터로 15,(잠원동/신동초등학교),19460402,19460402,B10,20230326,37.5169419,127.01187
공립,7091398,서울신구초등학교,서울특별시강남서초교육지원청,6029,서울특별시 강남구 압구정로18길 28,(신사동/신구초등학교),19811103,19811103,B10,20230326,37.5231178,127.0241858
공립,7091397,서울수서초등학교,서울특별시강남서초교육지원청,6348,서울특별시 강남구 광평로51길 46,(수서동/수서초등학교),19920715,19920715,B10,20230326,37.4908423,127.101657
공립,7091396,서울서초초등학교,서울특별시강남서초교육지원청,6613,서울특별시 서초구 서운로 178,(서초동/서초초등학교),19801004,19810506,B10,20230326,37.4992427,127.0241149
공립,7091395,서울서일초등학교,서울특별시강남서초교육지원청,6723,서울특별시 서초구 남부순환로339길 38,(서초동/서일초등학교),19861016,19861016,B10,20230326,37.484788,127.0226053
공립,7091394,서울서이초등학교,서울특별시강남서초교육지원청,6630,서울특별시 서초구 서운로 35,(서초동/서이초등학교),19831203,19840423,B10,20230326,37.4912107,127.0259518
공립,7091393,서울서원초등학교,서울특별시강남서초교육지원청,6598,서울특별시 서초구 고무래로 63,/ 서울서원초등학교 (반포동),19841130,19850422,B10,20230326,37.5026378,127.0151948
공립,7091392,서울서래초등학교,서울특별시강남서초교육지원청,6574,서울특별시 서초구 방배로 260,(방배동/서래초등학교),19830404,19830414,B10,20230326,37.4961027,126.9893974
공립,7091391,서울삼릉초등학교,서울특별시강남서초교육지원청,6097,서울특별시 강남구 봉은사로63길 22,(삼성동/삼릉초등학교),19850429,19850429,B10,20230326,37.512835,127.0470984
공립,7091390,서울봉은초등학교,서울특별시강남서초교육지원청,6078,서울특별시 강남구 학동로 610,(삼성동/봉은초등학교),19820407,19820407,B10,20230326,37.52041,127.0608528
공립,7091389,서울방현초등학교,서울특별시강남서초교육지원청,6700,서울특별시 서초구 효령로4길 58,(방배동/방현초등학교),19900406,19901102,B10,20230326,37.4763368,126.9902243
공립,7091388,서울방일초등학교,서울특별시강남서초교육지원청,6663,서울특별시 서초구 방배로18길 52,(방배동),19840730,19841025,B10,20230326,37.4853305,126.9980435
공립,7091387,서울방배초등학교,서울특별시강남서초교육지원청,6570,서울특별시 서초구 방배중앙로13길 26,(방배동/방배초등학교),19750912,19750912,B10,20230326,37.4871609,126.9874672
공립,7091386,서울반포초등학교,서울특별시강남서초교육지원청,6502,서울특별시 서초구 신반포로 55-4,/ 서울반포초등학교 (반포동/반포초등학교),19740320,19740320,B10,20230326,37.5028212,126.9910879
공립,7091385,서울반원초등학교,서울특별시강남서초교육지원청,6510,서울특별시 서초구 잠원로3길 28,(잠원동/반원초등학교),19810805,19820406,B10,20230326,37.5099506,127.0040474
공립,7091384,서울매헌초등학교,서울특별시강남서초교육지원청,6780,서울특별시 서초구 언남길 8,(양재동/매헌초등학교),20080301,20080424,B10,20230326,37.47113520000001,127.0420729
공립,7091383,서울도성초등학교,서울특별시강남서초교육지원청,6213,서울특별시 강남구 역삼로 313,(역삼동/도성초등학교),19810613,19810930,B10,20230326,37.5009074,127.0491834
공립,7091382,서울도곡초등학교,서울특별시강남서초교육지원청,6205,서울특별시 강남구 선릉로64길 33,(대치동/ 도곡초등학교),19740901,19750312,B10,20230326,37.4990608,127.0546706
공립,7091381,서울대현초등학교,서울특별시강남서초교육지원청,6187,서울특별시 강남구 역삼로98길 16,(대치동/대현초등학교),19841205,19850508,B10,20230326,37.5035728,127.0638597
공립,7091380,서울대치초등학교,서울특별시강남서초교육지원청,6291,서울특별시 강남구 양재천로 363,(대치동/ 대치초등학교),19840509,19840509,B10,20230326,37.4909106,127.0622675
공립,7091379,서울대청초등학교,서울특별시강남서초교육지원청,6341,서울특별시 강남구 양재대로55길 28,/ 서울대청초등학교 (일원동),19930227,19930227,B10,20230326,37.4928354,127.0879259
공립,7091378,서울대진초등학교,서울특별시강남서초교육지원청,6334,서울특별시 강남구 개포로109길 74,/ 서울대진초등학교 (개포동),19920715,19921026,B10,20230326,37.4966858,127.0780444
공립,7091377,서울대왕초등학교,서울특별시강남서초교육지원청,6365,서울특별시 강남구 헌릉로618길 8,(세곡동/대왕초등학교),19321125,19330501,B10,20230326,37.4644284,127.1055381
공립,7091376,서울대모초등학교,서울특별시강남서초교육지원청,6363,서울특별시 강남구 광평로20길 27,/ 대모초등학교 (일원동/대모초등학교),19940805,19941014,B10,20230326,37.4811396,127.0862343
공립,7091375,서울대도초등학교,서울특별시강남서초교육지원청,6277,서울특별시 강남구 선릉로 209,(도곡동/ 서울대도초등학교),19790327,19800327,B10,20230326,37.4926976,127.0535224
공립,7091374,서울대곡초등학교,서울특별시강남서초교육지원청,6288,서울특별시 강남구 남부순환로 3022,/ 서울대곡초등학교 (대치동/대곡초등학교),19810909,19820402,B10,20230326,37.4944062,127.0651765
공립,7091373,서울논현초등학교,서울특별시강남서초교육지원청,6119,서울특별시 강남구 강남대로120길 33,(논현동/논현초등학교),19721123,19721123,B10,20230326,37.5082167,127.0263166
공립,7091372,서울구룡초등학교,서울특별시강남서초교육지원청,6305,서울특별시 강남구 개포로 263,(개포동/구룡초등학교),19831130,19850506,B10,20230326,37.4807968,127.0519292
공립,7091371,서울개포초등학교,서울특별시강남서초교육지원청,6331,서울특별시 강남구 영동대로3길 45,(개포동/개포초등학교),19830510,19830510,B10,20230326,37.50727,127.0639018
공립,7091370,서울개일초등학교,서울특별시강남서초교육지원청,6323,서울특별시 강남구 개포로 401,/ 개일초등학교 (개포동/개일초등학교),19871117,19871117,B10,20230326,37.4859589,127.0580194
공립,7091369,서울개원초등학교,서울특별시강남서초교육지원청,6321,서울특별시 강남구 선릉로 29,(개포동/개원초등학교),19820920,19820920,B10,20230326,37.4813655,127.0590553
사립,7091368,계성초등학교,서울특별시강남서초교육지원청,6504,서울특별시 서초구 신반포로19길 23,/ 계성초등학교 (반포동),18820908,18820908,B10,20230326,37.504628,126.9967453
국립,7091367,서울교육대학교부설초등학교,교육부,6639,서울특별시 서초구 서초중앙로 96,(서초동/서울교대초등학교),19530131,19530522,B10,20230326,37.4901737,127.0162346
사립,7081483,유석초등학교,서울특별시강서양천교육지원청,7576,서울특별시 강서구 화곡로69길 9,(등촌동/유석초등학교),19651203,19660308,B10,20230326,37.5596453,126.853311
공립,7081482,서울신은초등학교,서울특별시강서양천교육지원청,8049,서울특별시 양천구 신정이펜2로 30,(신정동),20110901,20111028,B10,20230326,37.5137225,126.8322559
공립,7081481,서울화일초등학교,서울특별시강서양천교육지원청,7725,서울특별시 강서구 까치산로10길 70,(화곡동/서울화일초등학교),20050105,20050506,B10,20230326,37.5406155,126.8475317
공립,7081480,서울화곡초등학교,서울특별시강서양천교육지원청,7722,서울특별시 강서구 초록마을로 28,화곡동/화곡초등학교,19670331,19670331,B10,20230326,37.5432203,126.8460779
공립,7081479,서울탑산초등학교,서울특별시강서양천교육지원청,7525,서울특별시 강서구 허준로 109,(가양동/탑산초등학교),19930805,19940601,B10,20230326,37.566767,126.8523733
공립,7081478,서울치현초등학교,서울특별시강서양천교육지원청,7514,서울특별시 강서구 방화대로47길 43,서울치현초등학교,19940105,19941019,B10,20230326,37.5756214,126.8145749
공립,7081477,서울지향초등학교,서울특별시강서양천교육지원청,8053,서울특별시 양천구 신정로11길 74,/ 서울지향초등학교 (신정동/지향초등학교),20020901,20021104,B10,20230326,37.5131338,126.8374245
공립,7081476,서울정목초등학교,서울특별시강서양천교육지원청,7961,서울특별시 양천구 목동중앙로3길 30-10,(목동/서울정목초등학교),19810921,19810921,B10,20230326,37.5373164,126.8704925
공립,7081475,서울정곡초등학교,서울특별시강서양천교육지원청,7518,서울특별시 강서구 방화대로50길 22,(방화동/정곡초등학교),19921001,19930923,B10,20230326,37.5766459,126.8189585
공립,7081474,서울장수초등학교,서울특별시강서양천교육지원청,8080,서울특별시 양천구 신정로13가길 30,(신정동),20051229,20060509,B10,20230326,37.512921,126.8452303
공립,7081473,서울은정초등학교,서울특별시강서양천교육지원청,8100,서울특별시 양천구 목동남로 85,서울은정초등학교,19960710,19960710,B10,20230326,37.5112421,126.8673805
공립,7081472,서울월촌초등학교,서울특별시강서양천교육지원청,7980,서울특별시 양천구 목동중앙로 132,(목동/서울월촌초등학교),19851012,19850417,B10,20230326,37.5400198,126.8761842
공립,7081471,서울월정초등학교,서울특별시강서양천교육지원청,7761,서울특별시 강서구 월정로 176,(화곡동/월정초등학교),19811226,19820423,B10,20230326,37.5344275,126.8362849
공립,7081470,서울우장초등학교,서울특별시강서양천교육지원청,7689,서울특별시 강서구 화곡로 263,(화곡동/우장초등학교),19830610,19830610,B10,20230326,37.5489346,126.8462014
공립,7081469,서울영도초등학교,서울특별시강서양천교육지원청,7982,서울특별시 양천구 목동중앙로 70,/ 서울영도초등학교 (목동/서울영도초등학교),19861004,19861127,B10,20230326,37.5357584,126.8715056
공립,7081468,서울염창초등학교,서울특별시강서양천교육지원청,7554,서울특별시 강서구 양천로 646-28,(염창동/ 염창초등학교),19630518,19630701,B10,20230326,37.552971,126.8680404
공립,7081467,서울염동초등학교,서울특별시강서양천교육지원청,7542,서울특별시 강서구 양천로73길 17,(염창동/염동초등학교),19970516,19970516,B10,20230326,37.5522237,126.8722695
공립,7081466,서울염경초등학교,서울특별시강서양천교육지원청,7535,서울특별시 강서구 양천로69길 49,(염창동/서울염경초등학교),20050901,20051026,B10,20230326,37.5548339,126.8712719
공립,7081464,서울양화초등학교,서울특별시강서양천교육지원청,7971,서울특별시 양천구 목동중앙북로16길 57,(목동/서울양화초등학교),19780803,19790404,B10,20230326,37.5436993,126.8746309
공립,7081463,서울양천초등학교,서울특별시강서양천교육지원청,7523,서울특별시 강서구 양천로 329,(가양동/양천초등학교),19000401,19000401,B10,20230326,37.5700268,126.8395942
공립,7081462,서울양원초등학교,서울특별시강서양천교육지원청,7909,서울특별시 양천구 화곡로 16,(신월동/서울양원초등학교),19901201,19910506,B10,20230326,37.5389017,126.8234692
공립,7081461,서울양목초등학교,서울특별시강서양천교육지원청,8021,서울특별시 양천구 목동로11길 30,(신정동/ 서울양목초등학교),19800417,19800417,B10,20230326,37.5236893,126.8612281
공립,7081460,서울양명초등학교,서울특별시강서양천교육지원청,8091,서울특별시 양천구 중앙로 204,(신정동/양명초등학교),19821110,19830511,B10,20230326,37.5156672,126.8562088
공립,7081459,서울양동초등학교,서울특별시강서양천교육지원청,7942,서울특별시 양천구 오목로23길 24,(신정동),19720811,19720811,B10,20230326,37.5260815,126.8512105
공립,7081458,서울양강초등학교,서울특별시강서양천교육지원청,7935,서울특별시 양천구 오목로 101,(신월동/ 서울양강초등학교),19870423,19870423,B10,20230326,37.5238932,126.847479
공립,7081457,서울신정초등학교,서울특별시강서양천교육지원청,7746,서울특별시 강서구 곰달래로31가길 27,(화곡동),19491001,19491001,B10,20230326,37.5327379,126.8525524
공립,7081456,서울신월초등학교,서울특별시강서양천교육지원청,7716,서울특별시 강서구 강서로31길 48,(화곡동/신월초등학교),19750311,19750311,B10,20230326,37.5400157,126.8391213
공립,7081455,서울신원초등학교,서울특별시강서양천교육지원청,7915,서울특별시 양천구 남부순환로58길 32,(신월동/서울신원초등학교),19811012,19811012,B10,20230326,37.5294135,126.8298312
공립,7081454,서울신서초등학교,서울특별시강서양천교육지원청,8089,서울특별시 양천구 목동서로10길 35,(신정동 312-1번지),19871022,19871022,B10,20230326,37.5202506,126.862432
공립,7081453,서울신목초등학교,서울특별시강서양천교육지원청,8017,서울특별시 양천구 신목로5길 11-6,(신정동/서울신목초등학교),19820408,19820408,B10,20230326,37.5169129,126.8728585
공립,7081452,서울신남초등학교,서울특별시강서양천교육지원청,8065,서울특별시 양천구 남부순환로83길,/ 44 (신월동),19831024,19831024,B10,20230326,37.5166394,126.8435894
공립,7081451,서울신기초등학교,서울특별시강서양천교육지원청,8106,서울특별시 양천구 신정로 292,(신정동/서울신기초등학교),20000502,20001002,B10,20230326,37.5111873,126.854175
공립,7081450,서울신곡초등학교,서울특별시강서양천교육지원청,7731,서울특별시 강서구 등촌로13자길 42-14,(화곡동/신곡초등학교),19830617,19841022,B10,20230326,37.5387761,126.8557934
공립,7081449,서울신강초등학교,서울특별시강서양천교육지원청,7931,서울특별시 양천구 중앙로55길 72,/ 서울신강초등학교 (신월동/서울신강초등학교),19831203,19840601,B10,20230326,37.525841,126.8414098
공립,7081448,서울수명초등학교,서울특별시강서양천교육지원청,7643,서울특별시 강서구 수명로1길 84,(내발산동),20080301,20080430,B10,20230326,37.5526316,126.8238979
공립,7081447,서울송화초등학교,서울특별시강서양천교육지원청,7598,서울특별시 강서구 방화대로34길 2,(방화동/송화초등학교),19900120,19900120,B10,20230326,37.570643,126.8207702
공립,7081446,서울송정초등학교,서울특별시강서양천교육지원청,7619,서울특별시 강서구 공항대로3길 18,(공항동),19360906,19360906,B10,20230326,37.5623851,126.8110415
공립,7081445,서울서정초등학교,서울특별시강서양천교육지원청,8002,서울특별시 양천구 목동로8길 19,(목동/서울서정초등학교),19870831,19871017,B10,20230326,37.5240406,126.8673425
공립,7081444,서울삼정초등학교,서울특별시강서양천교육지원청,7508,서울특별시 강서구 금낭화로 222,/ 서울삼정초등학교 (방화동),19940506,19940506,B10,20230326,37.5800782,126.8103478
공립,7081443,서울백석초등학교,서울특별시강서양천교육지원청,7564,서울특별시 강서구 공항대로 491,(등촌동/백석초등학교),19840522,19840522,B10,20230326,37.5532508,126.8620369
공립,7081442,서울방화초등학교,서울특별시강서양천교육지원청,7611,서울특별시 강서구 양천로6길 92,(방화동),19860129,19860506,B10,20230326,37.5686192,126.8056935
공립,7081441,서울발산초등학교,서울특별시강서양천교육지원청,7640,서울특별시 강서구 강서로45길 113,(내발산동/발산초등학교),19791018,19791018,B10,20230326,37.54983319999999,126.8308118
공립,7081440,서울목원초등학교,서울특별시강서양천교육지원청,7978,서울특별시 양천구 목동중앙로 204,(목동/목원초등학교),19950605,19950605,B10,20230326,37.5429221,126.8823145
공립,7081439,서울목운초등학교,서울특별시강서양천교육지원청,7996,서울특별시 양천구 목동동로 235,/ 서울목운초등학교 (목동),20090301,20090506,B10,20230326,37.5268422,126.8730282
공립,7081438,서울목동초등학교,서울특별시강서양천교육지원청,8010,서울특별시 양천구 목동동로12길 12,(신정동/서울목동초등학교),19731211,19740710,B10,20230326,37.5224794,126.8720859
공립,7081437,서울등현초등학교,서울특별시강서양천교육지원청,7578,서울특별시 강서구 화곡로65길 124,(등촌동/등현초등학교),19950110,19951021,B10,20230326,37.5612854,126.8477708
공립,7081436,서울등촌초등학교,서울특별시강서양천교육지원청,7669,서울특별시 강서구 등촌로39길 71,(등촌동/등촌초등학교),19820707,19821027,B10,20230326,37.5475357,126.8581999
공립,7081435,서울등원초등학교,서울특별시강서양천교육지원청,7577,서울특별시 강서구 화곡로65길 90,/ 서울등원초등학교 (등촌동),19941101,19941101,B10,20230326,37.5604595,126.8499055
공립,7081434,서울등양초등학교,서울특별시강서양천교육지원청,7580,서울특별시 강서구 강서로56나길 140,/ 등양초등학교 (등촌동/등양초등학교),19941130,19941130,B10,20230326,37.56480020000001,126.8446603
공립,7081433,서울등서초등학교,서울특별시강서양천교육지원청,7656,서울특별시 강서구 화곡로58길 86,(화곡동/등서초등학교),19841102,19841102,B10,20230326,37.5517629,126.8549434
공립,7081432,서울등명초등학교,서울특별시강서양천교육지원청,7585,서울특별시 강서구 강서로56나길 34,(등촌동/등명초등학교),19950901,19950901,B10,20230326,37.56062379999999,126.8422905
공립,7081431,서울등마초등학교,서울특별시강서양천교육지원청,7672,서울특별시 강서구 등촌로35길 12,(등촌동/서울등마초등학교),20061228,20090430,B10,20230326,37.5419866,126.8617578
공립,7081430,서울내발산초등학교,서울특별시강서양천교육지원청,7693,서울특별시 강서구 강서로46길 23,(내발산동/내발산초등학교),19831203,19840621,B10,20230326,37.5512822,126.8377987
공립,7081429,서울남명초등학교,서울특별시강서양천교육지원청,8077,서울특별시 양천구 중앙로23길 3,(신정동/서울남명초등학교),19911030,19911030,B10,20230326,37.5147894,126.8540583
공립,7081428,서울공항초등학교,서울특별시강서양천교육지원청,7798,서울특별시 강서구 마곡서1로 68,(마곡동),19821110,19830506,B10,20230326,37.5630186,126.8216307
공립,7081427,서울공진초등학교,서울특별시강서양천교육지원청,7810,서울특별시 강서구 마곡서로 33,/ 서울공진초등학교 (마곡동 749-2),19921125,19921105,B10,20230326,37.5578329,126.8226825
공립,7081426,서울계남초등학교,서울특별시강서양천교육지원청,8099,서울특별시 양천구 목동동로2길 54,/ 서울계남초등학교 (신정동/서울계남초등학교),19790506,19790506,B10,20230326,37.5099706,126.8601601
공립,7081425,서울경인초등학교,서울특별시강서양천교육지원청,7985,서울특별시 양천구 안양천로 1009,(목동/서울경인초등학교),19861127,19861127,B10,20230326,37.5327839,126.8863757
공립,7081424,서울개화초등학교,서울특별시강서양천교육지원청,7507,서울특별시 강서구 양천로 11,(방화동/개화초등학교),19560510,19560710,B10,20230326,37.5726397,126.8049577
공립,7081423,서울강월초등학교,서울특별시강서양천교육지원청,8042,서울특별시 양천구 신월로 97,(신월동/서울강월초등학교),19880209,19880506,B10,20230326,37.5160671,126.8339911
공립,7081422,서울강신초등학교,서울특별시강서양천교육지원청,7901,서울특별시 양천구 월정로 280,/ 서울강신초등학교 (신월동/서울강신초등학교),19850419,19850419,B10,20230326,37.5426771,126.8294753
공립,7081421,서울강서초등학교,서울특별시강서양천교육지원청,7930,서울특별시 양천구 오목로 31,(신월동/ 서울강서초등학교),19801018,19801018,B10,20230326,37.5222639,126.8405261
공립,7081420,서울갈산초등학교,서울특별시강서양천교육지원청,8100,서울특별시 양천구 목동로 31,/ 서울갈산초등학교 (신정동),19870909,19871126,B10,20230326,37.5117158,126.870068
공립,7081419,서울가양초등학교,서울특별시강서양천교육지원청,7533,서울 강서구 허준로 186,/ (가양동/가양초등학교),19920715,19920715,B10,20230326,37.5616907,126.8590379
공립,7081418,서울가곡초등학교,서울특별시강서양천교육지원청,7633,서울특별시 강서구 공항대로36길 74,(내발산동/가곡초등학교),19920715,19930413,B10,20230326,37.5549821,126.8363442
국립,7061128,서울대학교사범대학부설초등학교,교육부,3087,서울특별시 종로구 대학로 64,(동숭동/서울사대부설초등학교),18950416,18950416,B10,20230326,37.5773056,127.003633
사립,7061093,운현초등학교,서울특별시중부교육지원청,3131,서울특별시 종로구 삼일대로 460,(운니동/운현초등학교),19860304,19860304,B10,20230326,37.5758212,126.9878739
사립,7061092,신광초등학교,서울특별시중부교육지원청,4313,서울특별시 용산구 청파로 263,/ 신광초등학교 청파동 3가 100 (청파동3가),19641126,19641126,B10,20230326,37.5430189,126.9699741
사립,7061091,숭의초등학교,서울특별시중부교육지원청,4628,서울특별시 중구 소파로2길 10,/ 숭의초등학교 (예장동),19660225,19660225,B10,20230326,37.5569016,126.9874009
공립,7061090,서울흥인초등학교,서울특별시중부교육지원청,4586,서울특별시 중구 청구로6길 11,(신당동/흥인초등학교),19461114,19461114,B10,20230326,37.560698,127.0144689
공립,7061089,서울후암초등학교,서울특별시중부교육지원청,4328,서울특별시 용산구 두텁바위로 140,/ 서울후암초등학교 (후암동),19670301,19491008,B10,20230326,37.5510434,126.9821476
공립,7061088,서울효제초등학교,서울특별시중부교육지원청,3126,서울특별시 종로구 대학로 12,/ 서울효제초등학교 (효제동),18951115,18951115,B10,20230326,37.5726433,127.0029501
공립,7061087,서울혜화초등학교,서울특별시중부교육지원청,3067,서울특별시 종로구 혜화로 32,/ 서울혜화초등학교 (혜화동),19100125,19100125,B10,20230326,37.5889493,126.9999836
공립,7061086,서울한남초등학교,서울특별시중부교육지원청,4418,서울특별시 용산구 한남대로 112,/ 서울한남초등학교 (한남동),19210509,19060923,B10,20230326,37.539031,127.0052547
공립,7061085,서울한강초등학교,서울특별시중부교육지원청,4388,서울특별시 용산구 한강대로14길 9,/ 서울한강초등학교 (한강로3가),19590331,19600714,B10,20230326,37.5252195,126.9650816
공립,7061084,서울충무초등학교,서울특별시중부교육지원청,4618,서울 중구 퇴계로50길 13,(장충동2가/충무초등학교),19570428,19570428,B10,20230326,37.5620231,127.0018217
공립,7061083,서울청파초등학교,서울특별시중부교육지원청,4306,서울특별시 용산구 효창원로 228,/ 서울청파초등학교 (청파동2가),19430120,19430924,B10,20230326,37.5475869,126.9642369
공립,7061082,서울청운초등학교,서울특별시중부교육지원청,3032,서울특별시 종로구 자하문로 105,/ 청운초등학교 (청운동),19230401,19230401,B10,20230326,37.5857023,126.9693616
공립,7061081,서울청구초등학교,서울특별시중부교육지원청,4589,서울특별시 중구 다산로 170,(신당동/청구초등학교),19370901,19451101,B10,20230326,37.5583958,127.0141694
공립,7061080,서울창신초등학교,서울특별시중부교육지원청,3103,서울특별시 종로구 지봉로 73,/ 서울창신초등학교 (창신동),19160520,19160520,B10,20230326,37.5761362,127.0144602
공립,7061079,서울재동초등학교,서울특별시중부교육지원청,3056,서울특별시 종로구 북촌로4길 7,/ 서울재동초등학교 (가회동),18950830,18950930,B10,20230326,37.5798618,126.9856013
공립,7061078,서울장충초등학교,서울특별시중부교육지원청,4609,서울특별시 중구 청구로17길 40,/ 서울장충초등학교 (신당동),19531021,19531021,B10,20230326,37.5594942,127.011181
공립,7061077,서울이태원초등학교,서울특별시중부교육지원청,4345,서울특별시 용산구 녹사평대로40길 19,(이태원동/이태원초등학교),19430501,19430501,B10,20230326,37.5359019,126.9880062
공립,7061076,서울원효초등학교,서울특별시중부교육지원청,4357,서울특별시 용산구 효창원로13길 38,/ 서울원효초등학교 (산천동/원효초등학교),19830511,19821207,B10,20230326,37.5361964,126.9518352
공립,7061075,서울용암초등학교,서울특별시중부교육지원청,4341,서울특별시 용산구 녹사평대로60길 39,(용산동2가/ 용암초등학교),19650926,19650926,B10,20230326,37.5448883,126.9891571
공립,7061074,서울용산초등학교,서울특별시중부교육지원청,4375,서울 용산구 한강대로57길 33,(한강로2가/용산초등학교),19451101,19451101,B10,20230326,37.5354671,126.9724293
공립,7061073,서울신용산초등학교,서울특별시중부교육지원청,4423,서울특별시 용산구 이촌로 255,/ 301-75번지 (이촌동),19680925,19680925,B10,20230326,37.5200115,126.9758982
공립,7061072,서울신당초등학교,서울특별시중부교육지원청,4579,서울특별시 중구 난계로 141,(신당동),20070214,20070301,B10,20230326,37.5638936,127.023744
공립,7061070,서울세검정초등학교,서울특별시중부교육지원청,3014,서울특별시 종로구 세검정로9길 1,(신영동/서울세검정초등학교),19481124,19481124,B10,20230326,37.6032389,126.9609644
공립,7061069,서울서빙고초등학교,서울특별시중부교육지원청,4384,서울특별시 용산구 서빙고로51길 14,/ 서울서빙고초등학교 (서빙고동),19451101,19451101,B10,20230326,37.5213559,126.9919285
공립,7061068,서울삼광초등학교,서울특별시중부교육지원청,4335,서울특별시 용산구 두텁바위로1나길 19,/ 서울삼광초등학교 (후암동),19451101,19451101,B10,20230326,37.5472363,126.9766841
공립,7061067,서울봉래초등학교,서울특별시중부교육지원청,4501,서울특별시 중구 손기정로 73,(만리동2가),18950918,18950918,B10,20230326,37.5563153,126.9640004
공립,7061066,서울보광초등학교,서울특별시중부교육지원청,4407,서울특별시 용산구 우사단로 20,(이태원동/보광초등학교),19620622,19620622,B10,20230326,37.5324128,126.996496
공립,7061065,서울명신초등학교,서울특별시중부교육지원청,3093,서울특별시 종로구 낙산길 250,(창신동),19711006,19711006,B10,20230326,37.581588,127.0142054
공립,7061064,서울매동초등학교,서울특별시중부교육지원청,3027,서울특별시 종로구 사직로9길 19,/ 서울매동초등학교 (필운동),18951115,18951115,B10,20230326,37.5774226,126.9666768
공립,7061063,서울독립문초등학교,서울특별시중부교육지원청,3025,서울특별시 종로구 통일로12길 23,(무악동),19570928,19570928,B10,20230326,37.5741878,126.9602469
공립,7061062,서울덕수초등학교,서울특별시중부교육지원청,4519,서울특별시 중구 덕수궁길 140,/ 서울덕수초등학교 (정동),19120401,19120401,B10,20230326,37.5685461,126.9745495
공립,7061061,서울남정초등학교,서울특별시중부교육지원청,4368,서울특별시 용산구 원효로64길 17-10,/ 서울남정초등학교 (원효로2가),19451101,19451101,B10,20230326,37.53635750000001,126.9649784
공립,7061060,서울남산초등학교,서울특별시중부교육지원청,4629,서울특별시 중구 퇴계로22길 17,/ 서울남산초등학교 (남산동2가),19451101,19451101,B10,20230326,37.5599979,126.9866564
공립,7061059,서울금양초등학교,서울특별시중부교육지원청,4318,서울특별시 용산구 효창원로 137,/ 서울금양초등학교 (효창동),19150910,19150910,B10,20230326,37.5405866,126.9611863
공립,7061058,서울교동초등학교,서울특별시중부교육지원청,3132,서울특별시 종로구 삼일대로 446,(경운동),18940918,18940918,B10,20230326,37.5748296,126.9877469
공립,7061057,서울광희초등학교,서울특별시중부교육지원청,4569,서울특별시 중구 다산로 269,(신당동/광희초등학교),18950719,19001101,B10,20230326,37.5674577,127.0150222
사립,7061056,상명대학교사범대학부속초등학교,서울특별시중부교육지원청,3015,서울특별시 종로구 홍지문2길 1,(홍지동/ 상명초등학교),19660312,19660517,B10,20230326,37.6008111,126.956353
사립,7061055,리라초등학교,서울특별시중부교육지원청,4628,서울특별시 중구 소파로2길 7,(예장동),19650520,19650520,B10,20230326,37.5578599,126.9879108
사립,7061054,동산초등학교,서울특별시중부교육지원청,4592,서울특별시 중구 매봉18길 109,/ 동산초등학교 (신당동),19660310,19660310,B10,20230326,37.5563823,127.0170729
사립,7051173,화랑초등학교,서울특별시북부교육지원청,1797,서울특별시 노원구 화랑로 621,(공릉동/화랑초등학교),19671214,19680520,B10,20230326,37.6277725,127.0904878
사립,7051172,한신초등학교,서울특별시북부교육지원청,1438,서울특별시 도봉구 노해로49길 69,(쌍문동/한신초등학교),19690605,19690605,B10,20230326,37.65297,127.0317983
사립,7051171,태강삼육초등학교,서울특별시북부교육지원청,1795,서울특별시 노원구 화랑로 815,/ 태강삼육초등학교 (공릉동),19491119,19491119,B10,20230326,37.6429012,127.1060303
사립,7051170,청원초등학교,서울특별시북부교육지원청,1672,서울특별시 노원구 한글비석로 506,/ (상계동/청원초/중/고등학교) (상계동),19651205,19660510,B10,20230326,37.6660014,127.0623156
공립,7051169,서울한천초등학교,서울특별시북부교육지원청,1911,서울특별시 노원구 마들로 45,/ 서울한천초등학교 (월계동),19831203,19840507,B10,20230326,37.6201878,127.0689363
공립,7051168,서울태릉초등학교,서울특별시북부교육지원청,1823,서울특별시 노원구 노원로1길 36,/ 서울태릉초등학교 (공릉동),19860117,19860501,B10,20230326,37.6225387,127.0850209
공립,7051167,서울태랑초등학교,서울특별시북부교육지원청,1801,서울특별시 노원구 화랑로51나길 31,/ 서울태랑초등학교 (공릉동),20010611,20011021,B10,20230326,37.626118,127.0907034
공립,7051166,서울초당초등학교,서울특별시북부교육지원청,1364,서울특별시 도봉구 해등로32길 11,(방학동),19930720,19931028,B10,20230326,37.6580929,127.0222932
공립,7051165,서울청계초등학교,서울특별시북부교육지원청,1781,서울특별시 노원구 공릉로 431,/ 서울청계초등학교 (중계동),18950901,19920506,B10,20230326,37.6446677,127.0662866
공립,7051164,서울창일초등학교,서울특별시북부교육지원청,1424,서울특별시 도봉구 노해로66길 84,/ 창일초등학교 (창동),19900716,19901109,B10,20230326,37.6474588,127.0476003
공립,7051163,서울창원초등학교,서울특별시북부교육지원청,1427,서울특별시 도봉구 해등로 103,(창동/서울창원초등학교),19900716,19901130,B10,20230326,37.6523423,127.0406358
공립,7051162,서울창림초등학교,서울특별시북부교육지원청,1486,서울특별시 도봉구 덕릉로63길 46,(창동),19970604,20001101,B10,20230326,37.6432485,127.0414348
공립,7051161,서울창동초등학교,서울특별시북부교육지원청,1400,서울특별시 도봉구 해등로16길 81,(창동),19300401,19300401,B10,20230326,37.6551207,127.0447633
공립,7051160,서울창도초등학교,서울특별시북부교육지원청,1338,서울특별시 도봉구 방학로 32-28,(방학동/ 서울창도초등학교),19821007,19821007,B10,20230326,37.6635875,127.0490195
공립,7051159,서울창경초등학교,서울특별시북부교육지원청,1432,서울특별시 도봉구 도봉로129길 54,(쌍문동/창경초등학교),19890901,19451101,B10,20230326,37.65603979999999,127.035033
공립,7051158,서울중현초등학교,서울특별시북부교육지원청,1862,서울특별시 노원구 섬밭로 181,/ 서울중현초등학교 (하계동/중현초등학교),19891018,19900427,B10,20230326,37.6320961,127.0665418
공립,7051157,서울중평초등학교,서울특별시북부교육지원청,1776,서울특별시 노원구 섬밭로 241,/ 서울중평초등학교 (하계동),19880425,19880425,B10,20230326,37.6373034,127.0641709
공립,7051156,서울중원초등학교,서울특별시북부교육지원청,1777,서울특별시 노원구 섬밭로 316,(중계동),19900407,19901114,B10,20230326,37.6436662,127.062781
공립,7051155,서울중계초등학교,서울특별시북부교육지원청,1699,서울특별시 노원구 한글비석로19길 39,/ 서울중계초등학교 (중계동),19751002,19751002,B10,20230326,37.6575094,127.0733006
공립,7051154,서울자운초등학교,서울특별시북부교육지원청,1411,서울특별시 도봉구 마들로13길 166,/ 서울자운초등학교 (창동),19970105,19970611,B10,20230326,37.6577741,127.0466339
공립,7051153,서울을지초등학교,서울특별시북부교육지원청,1741,서울특별시 노원구 중계로 239,(중계동),19940105,19940422,B10,20230326,37.650622,127.0729107
공립,7051152,서울월천초등학교,서울특별시북부교육지원청,1420,서울특별시 도봉구 노해로70길 96,(창동/서울월천초등학교),19880928,19890511,B10,20230326,37.6478352,127.0519604
공립,7051151,서울월계초등학교,서울특별시북부교육지원청,1882,서울특별시 노원구 월계로45가길 10,(월계동/월계초등학교),19920715,19930506,B10,20230326,37.6276476,127.0508093
공립,7051150,서울원광초등학교,서울특별시북부교육지원청,1713,서울특별시 노원구 덕릉로76길 18,(중계동/원광초등학교),19911030,19920701,B10,20230326,37.6539982,127.0748971
공립,7051149,서울용원초등학교,서울특별시북부교육지원청,1851,서울특별시 노원구 섬밭로 144,/ 용원초등학교 (공릉동/ 서울용원초등학교),19950625,19960506,B10,20230326,37.62929219999999,127.068908
공립,7051148,서울용동초등학교,서울특별시북부교육지원청,1789,서울특별시 노원구 한글비석로1길 81-11,(중계동/용동초등학교),19910325,19920423,B10,20230326,37.6415556,127.0694706
공립,7051147,서울온곡초등학교,서울특별시북부교육지원청,1671,서울특별시 노원구 한글비석로52길 59,(상계동/온곡초등학교),19880209,19881010,B10,20230326,37.6673966,127.0660012
공립,7051146,서울오봉초등학교,서울특별시북부교육지원청,1310,서울특별시 도봉구 시루봉로 285,/ 서울오봉초등학교 (도봉동),20000301,20000301,B10,20230326,37.6716461,127.0403614
공립,7051145,서울연촌초등학교,서울특별시북부교육지원청,1810,서울특별시 노원구 공릉로58길 36,/ 서울연촌초등학교 (하계동),19451110,19451110,B10,20230326,37.6342351,127.0729923
공립,7051144,서울연지초등학교,서울특별시북부교육지원청,1864,서울특별시 노원구 월계로55길 48,(월계동),19980301,19980612,B10,20230326,37.6334872,127.059949
공립,7051143,서울쌍문초등학교,서울특별시북부교육지원청,1378,서울특별시 도봉구 우이천로 360,/ 서울쌍문초등학교 (쌍문동/쌍문초등학교),19740430,19740430,B10,20230326,37.6486928,127.0244709
공립,7051142,서울신화초등학교,서울특별시북부교육지원청,1482,서울특별시 도봉구 우이천로 120,/ 신화초등학교 (창동),19840730,19841030,B10,20230326,37.6324968,127.0412371
공립,7051141,서울신학초등학교,서울특별시북부교육지원청,1362,서울특별시 도봉구 방학로 247-21,(방학동),19880109,19880504,B10,20230326,37.6607824,127.0252853
공립,7051140,서울신창초등학교,서울특별시북부교육지원청,1480,서울특별시 도봉구 덕릉로60길 93,/ 신창초등학교 (창동),19710105,19710512,B10,20230326,37.6362593,127.0421388
공립,7051139,서울신상계초등학교,서울특별시북부교육지원청,1639,서울특별시 노원구 상계로 267,/ 신상계초등학교 (상계동),19700522,19700522,B10,20230326,37.6679336,127.075807
공립,7051138,서울신방학초등학교,서울특별시북부교육지원청,1316,서울특별시 도봉구 시루봉로 173,/ 서울신방학초등학교 (방학동),19860424,19860424,B10,20230326,37.6657588,127.0294466
공립,7051137,서울신계초등학교,서울특별시북부교육지원청,1877,서울특별시 노원구 초안산로 29,(월계동/신계초등학교),19810701,19821021,B10,20230326,37.6300141,127.0531359
공립,7051136,서울숭미초등학교,서울특별시북부교육지원청,1380,서울특별시 도봉구 노해로 179,(쌍문동/숭미초등학교),19810610,19831103,B10,20230326,37.65078949999999,127.0278271
공립,7051135,서울수암초등학교,서울특별시북부교육지원청,1725,서울특별시 노원구 중계로12길 9,(중계동/수암초등학교),20000301,20000607,B10,20230326,37.6481307,127.0815553
공립,7051134,서울수락초등학교,서울특별시북부교육지원청,1602,서울특별시 노원구 동일로 1745,(상계동/서울수락초등학교),19830406,19830406,B10,20230326,37.68400690000001,127.0545469
공립,7051133,서울선곡초등학교,서울특별시북부교육지원청,1899,서울특별시 노원구 광운로2길 1,/ 서울선곡초등학교 (월계동),19740901,19750313,B10,20230326,37.6184276,127.0581667
공립,7051132,서울상천초등학교,서울특별시북부교육지원청,1765,서울특별시 노원구 덕릉로 443,/ 서울상천초등학교 (상계동),19890930,19890930,B10,20230326,37.6460078,127.0579021
공립,7051131,서울상월초등학교,서울특별시북부교육지원청,1687,서울특별시 노원구 동일로221길 27,(상계동),19900120,19900529,B10,20230326,37.6584826,127.0571666
공립,7051130,서울상원초등학교,서울특별시북부교육지원청,1672,서울특별시 노원구 한글비석로54길 119,(상계동),19890513,19890930,B10,20230326,37.6675992,127.0600929
공립,7051129,서울상수초등학교,서울특별시북부교육지원청,1755,서울특별시 노원구 동일로216길 66,/ 서울상수초등학교 (상계동),19880209,19881008,B10,20230326,37.6516221,127.0648872
공립,7051128,서울상곡초등학교,서울특별시북부교육지원청,1677,서울특별시 노원구 노원로38길 34,/ 서울상곡초등학교 (상계동),19880928,19890503,B10,20230326,37.6623987,127.0624797
공립,7051127,서울상계초등학교,서울특별시북부교육지원청,1685,서울특별시 노원구 상계로9길 39,/ 서울상계초등학교 (상계동),19460911,19460911,B10,20230326,37.6591835,127.065985
공립,7051126,서울상경초등학교,서울특별시북부교육지원청,1618,서울특별시 노원구 수락산로 237,(상계동/상경초등학교),19890504,19890504,B10,20230326,37.6703503,127.0516941
공립,7051125,서울불암초등학교,서울특별시북부교육지원청,1721,서울특별시 노원구 중계로 178,/ 서울불암초등학교 (중계동),19930901,19931101,B10,20230326,37.6511319,127.0805262
공립,7051124,서울백운초등학교,서울특별시북부교육지원청,1368,서울특별시 도봉구 삼양로146길 17,(쌍문동),19800520,19800930,B10,20230326,37.653036,127.0136408
공립,7051123,서울방학초등학교,서울특별시북부교육지원청,1357,서울특별시 도봉구 도당로9길 34,/ 방학초등학교 (방학동),19820707,19821007,B10,20230326,37.6639166,127.032101
공립,7051122,서울동일초등학교,서울특별시북부교육지원청,1619,서울특별시 노원구 한글비석로 566,/ 동일초등학교 (상계동),19880928,19890425,B10,20230326,37.6649689,127.0547222
공립,7051121,서울도봉초등학교,서울특별시북부교육지원청,1313,서울특별시 도봉구 도봉로173길 96,(도봉동),19660628,19660905,B10,20230326,37.6793606,127.0383592
공립,7051120,서울덕암초등학교,서울특별시북부교육지원청,1645,서울특별시 노원구 덕릉로112길 68,/ 서울덕암초등학교 (상계동),20030106,20030501,B10,20230326,37.6665607,127.081256
공립,7051119,서울당현초등학교,서울특별시북부교육지원청,1764,서울특별시 노원구 동일로213길 52,/ 서울당현초등학교 (상계동),19880209,19880418,B10,20230326,37.6486335,127.0583815
공립,7051118,서울누원초등학교,서울특별시북부교육지원청,1318,서울특별시 도봉구 마들로 859-44,(도봉동),19930720,19931111,B10,20230326,37.6865304,127.0495373
공립,7051117,서울녹천초등학교,서울특별시북부교육지원청,1907,서울특별시 노원구 마들로3길 34,/ 서울녹천초등학교 (월계동),19950110,19951004,B10,20230326,37.6286552,127.0634321
공립,7051116,서울노일초등학교,서울특별시북부교육지원청,1613,서울특별시 노원구 동일로 1625,(상계동/노일초등학교),19941110,19941110,B10,20230326,37.6732795,127.0547887
공립,7051115,서울노원초등학교,서울특별시북부교육지원청,1629,서울특별시 노원구 동일로230나길 32,(상계동/ 노원초등학교),19720902,19730904,B10,20230326,37.6729987,127.0583228
공립,7051114,서울공연초등학교,서울특별시북부교육지원청,1841,서울특별시 노원구 동일로192가길 16,(공릉동/서울공연초등학교),19820707,19821021,B10,20230326,37.6270289,127.0743858
공립,7051113,서울공릉초등학교,서울특별시북부교육지원청,1861,서울특별시 노원구 동일로173길 12,(공릉동/서울공릉초등학교),19790404,19790404,B10,20230326,37.6190942,127.0743075
공립,7051112,서울계상초등학교,서울특별시북부교육지원청,1680,서울특별시 노원구 한글비석로41가길 24,(상계동),19830701,19831116,B10,20230326,37.6630072,127.0679325
공립,7051111,서울가인초등학교,서울특별시북부교육지원청,1397,서울특별시 도봉구 도봉로136다길 4,(창동/가인초등학교),20031230,20040514,B10,20230326,37.6598383,127.0432608
사립,7051110,상명초등학교,서울특별시북부교육지원청,1758,서울특별시 노원구 덕릉로 541,/ 상명초등학교 (중계동),19640206,19640206,B10,20230326,37.6484812,127.0675404
사립,7051109,동북초등학교,서울특별시북부교육지원청,1375,서울특별시 도봉구 시루봉로 53,/ 동북초등학교 (쌍문동),19640404,19640915,B10,20230326,37.6553087,127.0267571
공립,7041267,서울항동초등학교,서울특별시남부교육지원청,8368,서울특별시 구로구 연동로 178,(항동),20190301,20190501,B10,20230326,37.4824917,126.8242653
공립,7041266,서울하늘숲초등학교,서울특별시남부교육지원청,8350,서울특별시 구로구 오리로 1106,/ 서울하늘숲초등학교 (천왕동),20190501,20190501,B10,20230326,37.4850481,126.8419564
공립,7041260,서울금나래초등학교,서울특별시남부교육지원청,8611,서울특별시 금천구 시흥대로79길 37,(시흥동),20170301,20170410,B10,20230326,37.4581332,126.8962769
공립,7041254,서울천이초등학교,서울특별시남부교육지원청,8350,서울특별시 구로구 오류로 30,/ 서울천이초등학교 (오류동),20160329,20160329,B10,20230326,37.4897685,126.8406895
공립,7041209,서울천왕초등학교,서울특별시남부교육지원청,8364,서울특별시 구로구 천왕로1길 11,(천왕동),20110901,20110901,B10,20230326,37.4814477,126.8370797
공립,7041161,서울탑동초등학교,서울특별시남부교육지원청,8575,서울특별시 금천구 탑골로 47-3,(시흥동/ 탑동초등학교),19670915,19671204,B10,20230326,37.4526773,126.9144646
공립,7041160,서울정심초등학교,서울특별시남부교육지원청,8556,서울특별시 금천구 독산로78다길 89,/ 정심초등학교 (독산동),19821110,19830502,B10,20230326,37.4715317,126.9082847
공립,7041159,서울윤중초등학교,서울특별시남부교육지원청,7322,서울특별시 영등포구 여의나루로2길 14,(여의도동),19791226,19800404,B10,20230326,37.5194933,126.9228233
공립,7041158,서울우신초등학교,서울특별시남부교육지원청,7347,서울특별시 영등포구 신길로 190,(신길동/우신초등학교),19150305,19150426,B10,20230326,37.5094002,126.9118385
공립,7041157,서울온수초등학교,서울특별시남부교육지원청,8260,서울특별시 구로구 부일로 893,(온수동),19840127,19840919,B10,20230326,37.4938548,126.8260896
공립,7041156,서울오정초등학교,서울특별시남부교육지원청,8359,서울특별시 구로구 경인로2길 10,/ 서울오정초등학교 (오류동),19860109,19860429,B10,20230326,37.4896946,126.8263378
공립,7041155,서울오류초등학교,서울특별시남부교육지원청,8268,서울특별시 구로구 경인로19길 39,/ 서울오류초등학교 (오류동),19430523,19430523,B10,20230326,37.4985866,126.8420766
공립,7041154,서울오류남초등학교,서울특별시남부교육지원청,8342,서울특별시 구로구 서해안로24길 22,(오류동/ 오류남초등학교),19820408,19820601,B10,20230326,37.4894213,126.8385269
공립,7041153,서울영중초등학교,서울특별시남부교육지원청,7245,서울특별시 영등포구 양산로 185,/ 서울영중초등학교 (영등포동7가),19490401,19491025,B10,20230326,37.523603,126.9038836
공립,7041152,서울영일초등학교,서울특별시남부교육지원청,8321,서울특별시 구로구 남부순환로105길 218,/ 서울영일초등학교 (가리봉동),19671129,19671129,B10,20230326,37.4853929,126.8838471
공립,7041151,서울영원초등학교,서울특별시남부교육지원청,7365,서울특별시 영등포구 도영로 22길 31,(도림동),20020901,20020901,B10,20230326,37.5105382,126.9022395
공립,7041150,서울영신초등학교,서울특별시남부교육지원청,7350,서울특별시 영등포구 도신로60길 23,(신길동),19671127,19671102,B10,20230326,37.5098084,126.9184286
공립,7041149,서울영서초등학교,서울특별시남부교육지원청,8370,서울특별시 구로구 도림로20길 57,/ 영서초등학교 (구로동),19790202,19790928,B10,20230326,37.4882669,126.8951118
공립,7041148,서울영문초등학교,서울특별시남부교육지원청,7281,서울특별시 영등포구 문래로 56,/ 서울영문초등학교 (문래동6가),20050105,20050508,B10,20230326,37.5196828,126.8876827
공립,7041147,서울영림초등학교,서울특별시남부교육지원청,7445,서울특별시 영등포구 시흥대로173길 14,/ 서울영림초등학교 (대림동),19820707,19821004,B10,20230326,37.4871601,126.9028714
공립,7041146,서울영등포초등학교,서울특별시남부교육지원청,7363,서울특별시 영등포구 경인로 756,(문래동1가),19451101,19451101,B10,20230326,37.5128239,126.8985316
공립,7041145,서울영동초등학교,서울특별시남부교육지원청,7229,서울특별시 영등포구 국회대로53길 20,/ (당산동/ 영동초등학교) (당산동),19560517,19560517,B10,20230326,37.5265582,126.9073056
공립,7041144,서울영남초등학교,서울특별시남부교육지원청,8551,서울특별시 금천구 문성로 62-15,(독산동),19560326,19560517,B10,20230326,37.4757357,126.9095497
공립,7041143,서울여의도초등학교,서울특별시남부교육지원청,7341,서울특별시 영등포구 여의대방로 439,/ 서울여의도초등학교 (여의도동),19711101,19711101,B10,20230326,37.5229009,126.9365032
공립,7041142,서울안천초등학교,서울특별시남부교육지원청,8597,서울특별시 금천구 한내로 69-16,/ 서울안천초등학교 (독산동),19910121,19911004,B10,20230326,37.4581877,126.8885152
공립,7041141,서울신흥초등학교,서울특별시남부교육지원청,8569,서울특별시 금천구 독산로36나길 21,(시흥동/ 신흥초등학교),19911030,19911030,B10,20230326,37.4594345,126.9088506
공립,7041140,서울신영초등학교,서울특별시남부교육지원청,7378,서울특별시 영등포구 도신로4길 32,(대림동/신영초등학교),19820707,19821011,B10,20230326,37.5004065,126.8959699
공립,7041139,서울신미림초등학교,서울특별시남부교육지원청,8211,서울특별시 구로구 신도림로 26,(신도림동/ 신미림초등학교),20020301,20020607,B10,20230326,37.5067008,126.8795258
공립,7041138,서울신도림초등학교,서울특별시남부교육지원청,8201,서울특별시 구로구 신도림로19길 44,/ 서울신도림초등학교 (신도림동),19821022,19821022,B10,20230326,37.5123288,126.8829078
공립,7041137,서울신대림초등학교,서울특별시남부교육지원청,7439,서울특별시 영등포구 대림로8길 25,(대림동),19950110,19950420,B10,20230326,37.4921905,126.9059426
공립,7041136,서울신구로초등학교,서울특별시남부교육지원청,8299,서울특별시 구로구 가마산로27길 69,(구로동/서울신구로초등학교),19821026,19821026,B10,20230326,37.4993865,126.8893104
공립,7041135,서울시흥초등학교,서울특별시남부교육지원청,8627,서울특별시 금천구 독산로23길 26,/ 서울시흥초등학교 (시흥동),19110701,19110701,B10,20230326,37.4548042,126.9048667
공립,7041134,서울세곡초등학교,서울특별시남부교육지원청,8245,서울특별시 구로구 고척로33길 34,(고척동/세곡초등학교),19721101,19721101,B10,20230326,37.5047112,126.8491696
공립,7041133,서울선유초등학교,서울특별시남부교육지원청,7210,서울특별시 영등포구 선유로43가길 14,(양평동3가/ 서울선유초등학교),20070301,20070501,B10,20230326,37.5326484,126.8926503
공립,7041132,서울백산초등학교,서울특별시남부교육지원청,8650,서울특별시 금천구 시흥대로38길 78,(시흥동/ 백산초등학교),19730810,19740326,B10,20230326,37.4470039,126.9050089
공립,7041131,서울미래초등학교,서울특별시남부교육지원청,8288,서울특별시 구로구 새말로 73,/ 서울미래초등학교 (구로동),20020301,20020301,B10,20230326,37.5050456,126.8880056
공립,7041130,서울문성초등학교,서울특별시남부교육지원청,8540,서울특별시 금천구 시흥대로 460,/ 서울문성초등학교  (독산동),19551207,19560406,B10,20230326,37.4745882,126.8993532
공립,7041129,서울문백초등학교,서울특별시남부교육지원청,8634,서울특별시 금천구 시흥대로47길 43-1,(시흥동/ 문백초등학교),19810713,19810918,B10,20230326,37.4470805,126.8993032
공립,7041128,서울문래초등학교,서울특별시남부교육지원청,7295,서울특별시 영등포구 문래로 104,(문래동3가/ 문래초등학교),19850710,19851029,B10,20230326,37.518651,126.8933009
공립,7041127,서울문교초등학교,서울특별시남부교육지원청,8561,서울특별시 금천구 독산로54길 102,/ 문교초등학교 (독산동),19930227,19930506,B10,20230326,37.4664219,126.9087003
공립,7041126,서울매봉초등학교,서울특별시남부교육지원청,8251,서울특별시 구로구 고척로21길 55,/ 서울매봉초등학교 (개봉동),19850701,19851028,B10,20230326,37.5043728,126.8445548
공립,7041125,서울두산초등학교,서울특별시남부교육지원청,8587,서울특별시 금천구 범안로11길 3,/ 서울두산초등학교 (독산동),19850701,19851030,B10,20230326,37.4671638,126.8910112
공립,7041124,서울동구로초등학교,서울특별시남부교육지원청,8303,서울특별시 구로구 구로중앙로14길 43,/ 서울동구로초등학교 (구로동),19710901,19710404,B10,20230326,37.4948835,126.8926192
공립,7041123,서울독산초등학교,서울특별시남부교육지원청,8617,서울특별시 금천구 시흥대로104길 31,(독산동/독산초등학교),19770901,19780411,B10,20230326,37.4652405,126.9000609
공립,7041122,서울도신초등학교,서울특별시남부교육지원청,7409,서울특별시 영등포구 도림로53길 32-9,/ 서울도신초등학교 (대림동),19731213,19740910,B10,20230326,37.4987012,126.9008531
공립,7041121,서울도림초등학교,서울특별시남부교육지원청,7384,서울특별시 영등포구 가마산로65길 22,/ 서울도림초등학교 (신길동),19560324,19560324,B10,20230326,37.5082229,126.9073955
공립,7041120,서울덕의초등학교,서울특별시남부교육지원청,8241,서울특별시 구로구 고척로 213,(고척동/덕의초등학교),19831201,19831201,B10,20230326,37.5060893,126.8566773
공립,7041119,서울대영초등학교,서울특별시남부교육지원청,7397,서울특별시 영등포구 신길로23길 43,(신길동/대영초등학교),19871221,19880422,B10,20230326,37.5024863,126.9058889
공립,7041118,서울대방초등학교,서울특별시남부교육지원청,7391,서울특별시 영등포구 여의대방로35길 14,(신길동),19550427,19550427,B10,20230326,37.5024692,126.9192814
공립,7041117,서울대동초등학교,서울특별시남부교육지원청,7418,서울특별시 영등포구 대림로21길 6,/ 서울대동초등학교 (대림동),19801002,19801002,B10,20230326,37.4933501,126.9001454
공립,7041116,서울대길초등학교,서울특별시남부교육지원청,7434,서울특별시 영등포구 대방천로 206,/ 서울대길초등학교 (신길동),19830914,19830914,B10,20230326,37.4981318,126.9137388
공립,7041115,서울당중초등학교,서울특별시남부교육지원청,7271,서울특별시 영등포구 선유로 131,/ 서울당중초등학교 (양평동3가),19491028,19491028,B10,20230326,37.5262496,126.8903407
공립,7041114,서울당서초등학교,서울특별시남부교육지원청,7213,서울특별시 영등포구 당산로 187,/ 서울당서초등학교 (당산동5가),19840730,19841101,B10,20230326,37.5316676,126.8994544
공립,7041113,서울당산초등학교,서울특별시남부교육지원청,7206,서울특별시 영등포구 선유로55길 32,/ 서울당산초등학교 (양평동4가),19450815,19451008,B10,20230326,37.5395305,126.896184
공립,7041112,서울금천초등학교,서울특별시남부교육지원청,8571,서울특별시 금천구 탑골로5길 60,(시흥동),19831007,19840417,B10,20230326,37.4547981,126.9122575
공립,7041111,서울금산초등학교,서울특별시남부교육지원청,8651,서울특별시 금천구 시흥대로24길 57,(시흥동/ 서울금산초등학교),19980731,19981016,B10,20230326,37.4416478,126.908194
공립,7041110,서울금동초등학교,서울특별시남부교육지원청,8645,서울특별시 금천구 금하로30길 53,/ 서울금동초등학교 (시흥동),20030301,20030528,B10,20230326,37.4475289,126.9164162
공립,7041109,서울구일초등학교,서울특별시남부교육지원청,8324,서울특별시 구로구 구일로 68,(구로동/구일초등학교),19871022,19871022,B10,20230326,37.4927246,126.8730243
공립,7041108,서울구로초등학교,서울특별시남부교육지원청,8283,서울특별시 구로구 구로중앙로27나길 9,/ 구로동443 (구로동),19500620,19500620,B10,20230326,37.4968922,126.885956
공립,7041107,서울구로남초등학교,서울특별시남부교육지원청,8375,서울특별시 구로구 디지털로27길 76,(구로동/구로남초등학교),19640311,19640311,B10,20230326,37.4849103,126.890802
공립,7041106,서울고척초등학교,서울특별시남부교육지원청,8232,서울특별시 구로구 경서로 31,(고척동),19671206,19671206,B10,20230326,37.5007474,126.8572057
공립,7041105,서울고원초등학교,서울특별시남부교육지원청,8275,서울특별시 구로구 경인로46길 13,(고척동/ 서울고원초등학교),20040301,20040501,B10,20230326,37.4974664,126.8657362
공립,7041104,서울고산초등학교,서울특별시남부교육지원청,8223,서울특별시 구로구 중앙로 6,(고척동/ 고산초등학교),19910902,19911029,B10,20230326,37.4991292,126.8654428
공립,7041103,서울개웅초등학교,서울특별시남부교육지원청,8349,서울특별시 구로구 개봉로11길 98,(개봉동/개웅초등학교),19980731,19980731,B10,20230326,37.4883826,126.8501628
공립,7041102,서울개봉초등학교,서울특별시남부교육지원청,8333,서울특별시 구로구 개봉로16길 30-11,(개봉동),19710901,19711204,B10,20230326,37.4894288,126.8584501
공립,7041101,서울개명초등학교,서울특별시남부교육지원청,8355,서울특별시 구로구 개봉로1다길 16-9,(개봉동/개명초등학교),19831203,19840504,B10,20230326,37.482935,126.8506977
공립,7041100,서울가산초등학교,서울특별시남부교육지원청,8530,서울특별시 금천구 남부순환로 1304-11,/ 서울가산초등학교 (독산동),19830625,19840614,B10,20230326,37.4779694,126.8964435
사립,7041099,동광초등학교,서울특별시남부교육지원청,8656,서울특별시 금천구 탑골로10길 45,/ 동광초등학교 (시흥동),20010301,20010305,B10,20230326,37.4512743,126.916348
공립,7031285,서울어울초등학교,서울특별시서부교육지원청,3370,서울특별시 은평구 통일로 650,/ 서울어울초등학교 (녹번동),20180901,20181031,B10,20230326,37.6063438,126.9351259
공립,7031278,서울가재울초등학교,서울특별시서부교육지원청,3711,서울특별시 서대문구 모래내로15길 61,(남가좌동),20160301,20160501,B10,20230326,37.5736551,126.9184086
공립,7031232,서울은빛초등학교,서울특별시서부교육지원청,3301,서울특별시 은평구 진관3로 73-17,(진관동),20110113,20110509,B10,20230326,37.6407397,126.9206861
공립,7031231,서울하늘초등학교,서울특별시서부교육지원청,3918,서울특별시 마포구 월드컵북로 502-14,/ 서울하늘초등학교 (상암동),20110301,20110405,B10,20230326,37.58546520000001,126.8807982
공립,7031230,서울수리초등학교,서울특별시서부교육지원청,3362,서울특별시 은평구 불광로14길 10-10,(불광동),20110301,20110301,B10,20230326,37.6202931,126.9341638
사립,7031177,홍익대학교사범대학부속초등학교,서울특별시서부교육지원청,3967,서울특별시 마포구 성미산로 51,(성산동),19660312,19660312,B10,20230326,37.5598163,126.9133449
사립,7031176,충암초등학교,서울특별시서부교육지원청,3481,서울특별시 은평구 가좌로5길 5,(응암동),19651115,19661109,B10,20230326,37.5849613,126.9214457
사립,7031175,추계초등학교,서울특별시서부교육지원청,3762,서울특별시 서대문구 북아현로11가길 7,(북아현동/추계초등학교),19640720,19640720,B10,20230326,37.5627129,126.9533273
사립,7031174,이화여자대학교사범대학부속초등학교,서울특별시서부교육지원청,3765,서울특별시 서대문구 성산로 512-39,(대신동/이화여대부속초등학교),19550408,19550408,B10,20230326,37.5609487,126.9426523
사립,7031172,예일초등학교,서울특별시서부교육지원청,3412,서울특별시 은평구 연서로 117,/ 예일초등학교 (구산동),19650926,19650926,B10,20230326,37.6101582,126.9153115
사립,7031170,선일초등학교,서울특별시서부교육지원청,3322,서울특별시 은평구 갈현로29길 27,/ 선일초등학교 (갈현동),19650907,19650907,B10,20230326,37.6197355,126.912473
공립,7031169,서울홍제초등학교,서울특별시서부교육지원청,3616,서울특별시 서대문구 홍은중앙로 13,/ 서울홍제초등학교 (홍은동),19370521,19370521,B10,20230326,37.5925972,126.9439061
공립,7031168,서울홍은초등학교,서울특별시서부교육지원청,3617,서울특별시 서대문구 세검정로 105,/ 홍제동/서울홍은초등학교 (홍제동),19740306,19740306,B10,20230326,37.597357,126.9496883
공립,7031167,서울홍연초등학교,서울특별시서부교육지원청,3657,서울특별시 서대문구 백련사길 55,/ 서울홍연초등학교 (홍은동),19750703,19750703,B10,20230326,37.5817146,126.9310399
공립,7031166,서울한서초등학교,서울특별시서부교육지원청,4123,서울특별시 마포구 대흥로24바길 27,/ 서울한서초 (염리동),19451101,19451101,B10,20230326,37.55350809999999,126.9495356
공립,7031165,서울창천초등학교,서울특별시서부교육지원청,4102,서울특별시 마포구 백범로1길 56,/ 서울창천초등학교 (노고산동),19400129,19400401,B10,20230326,37.5547333,126.9394175
공립,7031164,서울창서초등학교,서울특별시서부교육지원청,3787,서울특별시 서대문구 연세로5나길 30-3,(창천동/ 서울창서초등학교),19611101,19611101,B10,20230326,37.5576127,126.9339632
공립,7031163,서울진관초등학교,서울특별시서부교육지원청,3303,서울특별시 은평구 진관4로 78-16,(진관동/진관초등학교),20080901,20080901,B10,20230326,37.645199,126.9293047
공립,7031162,서울증산초등학교,서울특별시서부교육지원청,3493,서울특별시 은평구 증산서길 61,(증산동),19761126,19761126,B10,20230326,37.5824301,126.9044908
공립,7031161,서울중동초등학교,서울특별시서부교육지원청,3949,서울특별시 마포구 월드컵북로 152,(성산동),19770901,19771202,B10,20230326,37.5666181,126.9113904
공립,7031160,서울인왕초등학교,서울특별시서부교육지원청,3629,서울특별시 서대문구 세무서길 33-9,(홍제동/서울인왕초등학교),19621112,19621112,B10,20230326,37.5902441,126.9453276
공립,7031159,서울응암초등학교,서울특별시서부교육지원청,3470,서울특별시 은평구 가좌로6길 20,/ 서울응암초등학교 (응암동),19621112,19621112,B10,20230326,37.5879931,126.9212763
공립,7031158,서울은평초등학교,서울특별시서부교육지원청,3382,서울특별시 은평구 은평로 239,(녹번동),19310401,19310401,B10,20230326,37.601791,126.9343984
공립,7031157,서울은진초등학교,서울특별시서부교육지원청,3311,서울특별시 은평구 진관1로 21-20,/ 은진초등학교 (진관동),20081231,20090430,B10,20230326,37.6330315,126.9211161
공립,7031156,서울은명초등학교,서울특별시서부교육지원청,3453,서울특별시 은평구 은평로4길 21-9,/ 서울은명초등학교 (응암동),20080716,20081026,B10,20230326,37.597629,126.9183842
공립,7031155,서울용강초등학교,서울특별시서부교육지원청,4136,서울특별시 마포구 백범로17길 9,(대흥동),19160426,19160426,B10,20230326,37.54911329999999,126.9440541
공립,7031154,서울염리초등학교,서울특별시서부교육지원청,4155,서울특별시 마포구 토정로37길 37,/ 서울염리초등학교 (염리동),19830803,19831122,B10,20230326,37.5424349,126.9458653
공립,7031153,서울연희초등학교,서울특별시서부교육지원청,3723,서울특별시 서대문구 연희로 136,(연희동/ 서울연희초등학교),19681207,19681207,B10,20230326,37.56920789999999,126.9338235
공립,7031152,서울연천초등학교,서울특별시서부교육지원청,3348,서울특별시 은평구 연서로34길 22,/ 연천초등학교 (불광동),19841205,19850506,B10,20230326,37.6208097,126.9293346
공립,7031151,서울연은초등학교,서울특별시서부교육지원청,3476,서울특별시 은평구 백련산로2길 35,/ 서울연은초등학교 (응암동),19831020,19831020,B10,20230326,37.5907251,126.9248081
공립,7031150,서울연신초등학교,서울특별시서부교육지원청,3338,서울특별시 은평구 연서로 347,(불광동),19760318,19760318,B10,20230326,37.6263103,126.9283771
공립,7031149,서울연광초등학교,서울특별시서부교육지원청,3342,서울특별시 은평구 연서로35길 37,/ 서울연광초등학교 (불광동),20040301,20040301,B10,20230326,37.6239685,126.9241114
공립,7031148,서울연가초등학교,서울특별시서부교육지원청,3670,서울특별시 서대문구 증가로12가길 49-50,/ 연가초등학교 (남가좌동),19721130,19730907,B10,20230326,37.5798466,126.9181248
공립,7031147,서울역촌초등학교,서울특별시서부교육지원청,3420,서울특별시 은평구 은평로3길 25,/ 서울역촌초등학교 (역촌동/서울역촌초등학교),19721201,19730316,B10,20230326,37.6016815,126.914373
공립,7031146,서울안산초등학교,서울특별시서부교육지원청,3731,서울특별시 서대문구 통일로 321,(홍제동),19360619,19371130,B10,20230326,37.5793452,126.9515294
공립,7031145,서울아현초등학교,서울특별시서부교육지원청,4117,서울특별시 마포구 굴레방로 6,(아현동),19250402,19250402,B10,20230326,37.5554163,126.9561352
공립,7031144,서울신석초등학교,서울특별시서부교육지원청,4090,서울특별시 마포구 대흥로 33,/ 서울신석초등학교 (신수동),19640310,19640310,B10,20230326,37.5438625,126.9377264
공립,7031143,서울신사초등학교,서울특별시서부교육지원청,3442,서울특별시 은평구 가좌로 275-2,/ 서울신사초등학교 (신사동),19801024,19801024,B10,20230326,37.592728,126.9122874
공립,7031142,서울신북초등학교,서울특별시서부교육지원청,3941,서울특별시 마포구 월드컵북로38길 26,/ 서울신북초등학교 (중동),19821101,19821111,B10,20230326,37.5709938,126.9047529
공립,7031141,서울신도초등학교,서울특별시서부교육지원청,3310,서울특별시 은평구 진관1로 77-23,/ 서울신도초등학교 (진관동),19281201,19281201,B10,20230326,37.6328578,126.9291221
공립,7031140,서울수색초등학교,서울특별시서부교육지원청,3489,서울특별시 은평구 수색로16길 21,(수색동),19350401,19350401,B10,20230326,37.58497029999999,126.8954572
공립,7031139,서울소의초등학교,서울특별시서부교육지원청,4202,서울특별시 마포구 마포대로24길 42,(아현동/소의초등학교),19330501,19451101,B10,20230326,37.5522106,126.9608226
공립,7031138,서울성원초등학교,서울특별시서부교육지원청,3939,서울특별시 마포구 월드컵로36길 34,(성산동),19861022,19861021,B10,20230326,37.5670857,126.9048783
공립,7031137,서울성서초등학교,서울특별시서부교육지원청,3968,서울특별시 마포구 성미산로7길 24,(성산동),19831203,19840523,B10,20230326,37.5604635,126.9114021
공립,7031136,서울성산초등학교,서울특별시서부교육지원청,4023,서울특별시 마포구 양화로3길 94,/ 서울성산초등학교 (합정동),19690301,19690301,B10,20230326,37.5532843,126.9110812
공립,7031135,서울서신초등학교,서울특별시서부교육지원청,3444,서울특별시 은평구 은평터널로 150,(신사동),20050301,20050428,B10,20230326,37.5923977,126.9075339
공립,7031134,서울서교초등학교,서울특별시서부교육지원청,4054,서울특별시 마포구 와우산로23길 20-27,(서교동),19620712,19620712,B10,20230326,37.5547819,126.9250399
공립,7031133,서울서강초등학교,서울특별시서부교육지원청,4067,서울특별시 마포구 독막로 113,(상수동/서강초등학교),19370401,19380607,B10,20230326,37.54824929999999,126.9267501
공립,7031132,서울상지초등학교,서울특별시서부교육지원청,3905,서울특별시 마포구 월드컵로42길 30,/ 서울상지초등학교 (상암동),20070605,20070605,B10,20230326,37.5796005,126.8822538
공립,7031131,서울상암초등학교,서울특별시서부교육지원청,3912,서울특별시 마포구 월드컵북로 353,(상암동/상암초등학교),19720710,19720710,B10,20230326,37.5760868,126.8921932
공립,7031130,서울상신초등학교,서울특별시서부교육지원청,3439,서울특별시 은평구 가좌로 361,(신사동),19820707,19821111,B10,20230326,37.597446,126.9052496
공립,7031129,서울불광초등학교,서울특별시서부교육지원청,3358,서울특별시 은평구 불광로 51,/ 서울불광초등학교 (불광동),19620418,19620418,B10,20230326,37.6127859,126.9309581
공립,7031128,서울북한산초등학교,서울특별시서부교육지원청,3307,서울특별시 은평구 대서문길 42-3,/ 서울북한산초등학교 (진관동),19661206,19670325,B10,20230326,37.652294,126.9523279
공립,7031127,서울북성초등학교,서울특별시서부교육지원청,3769,서울특별시 서대문구 북아현로1나길 22,(북아현동/ 북성초등학교),19411101,19411101,B10,20230326,37.5592385,126.9519867
공립,7031126,서울북가좌초등학교,서울특별시서부교육지원청,3714,서울특별시 서대문구 거북골로19길 20,(북가좌동/ 서울북가좌초등학교),19681223,19690324,B10,20230326,37.5778615,126.9077309
공립,7031125,서울미동초등학교,서울특별시서부교육지원청,3740,서울특별시 서대문구 충정로 52,(미근동/ 서울미동초등학교),18960501,18960501,B10,20230326,37.5631257,126.9661023
공립,7031124,서울망원초등학교,서울특별시서부교육지원청,3955,서울특별시 마포구 방울내로5길 28,(망원동/ 망원초등학교),19831231,19841026,B10,20230326,37.5607029,126.9010613
공립,7031123,서울마포초등학교,서울특별시서부교육지원청,4171,서울특별시 마포구 도화2길 64,/ 서울 마포초등학교 (도화동),19100624,19110612,B10,20230326,37.5385766,126.9490889
공립,7031122,서울동교초등학교,서울특별시서부교육지원청,3959,서울특별시 마포구 월드컵로25길 86,/ 동교초등학교 (망원동),19740901,19750418,B10,20230326,37.5582866,126.9026591
공립,7031121,서울대조초등학교,서울특별시서부교육지원청,3388,서울특별시 은평구 연서로18길 17,(대조동),19670915,19671124,B10,20230326,37.6128914,126.9195816
공립,7031120,서울대은초등학교,서울특별시서부교육지원청,3391,서울특별시 은평구 통일로69길 12-15,/ 서울대은초등학교 (대조동),19821008,19821008,B10,20230326,37.611844,126.9262037
공립,7031119,서울대신초등학교,서울특별시서부교육지원청,3767,서울특별시 서대문구 이화여대2길 27,(대현동/ 서울대신초등학교),19650310,19650310,B10,20230326,37.5579493,126.9476992
공립,7031118,서울녹번초등학교,서울특별시서부교육지원청,3380,서울특별시 은평구 녹번로1길 1,(녹번동/ 서울녹번초등학교),19820924,19820924,B10,20230326,37.604156,126.9262948
공립,7031117,서울금화초등학교,서울특별시서부교육지원청,3735,서울특별시 서대문구 통일로 165,(천연동/서울금화초등학교),19240324,19240401,B10,20230326,37.5686444,126.9631731
공립,7031116,서울구현초등학교,서울특별시서부교육지원청,3428,서울특별시 은평구 갈현로15길 51,(구산동/구현초등학교),20081231,20090427,B10,20230326,37.6092825,126.9058435
공립,7031115,서울구산초등학교,서울특별시서부교육지원청,3426,서울특별시 은평구 서오릉로15길 16,(구산동/ 구산초등학교),19771129,19771129,B10,20230326,37.61215809999999,126.9093323
공립,7031114,서울공덕초등학교,서울특별시서부교육지원청,4214,서울특별시 마포구 만리재옛길 13,(공덕동/ 공덕초등학교),19440411,19440411,B10,20230326,37.5457281,126.954095
공립,7031113,서울고은초등학교,서울특별시서부교육지원청,3645,서울특별시 서대문구 모래내로 441,(홍제동/ 서울고은초등학교),19711203,19711203,B10,20230326,37.5846504,126.9434987
공립,7031112,서울갈현초등학교,서울특별시서부교육지원청,3331,서울특별시 은평구 연서로29길 31,/ 갈현초등학교 (갈현동),19661202,19670313,B10,20230326,37.6192549,126.9167168
사립,7031111,명지초등학교,서울특별시서부교육지원청,3656,서울특별시 서대문구 명지2길 32-20,(홍은동),19670315,19670315,B10,20230326,37.5833752,126.9284343
사립,7031110,경기초등학교,서울특별시서부교육지원청,3746,서울특별시 서대문구 경기대로9길 10,(충정로2가/경기초등학교),19641203,19641203,B10,20230326,37.5651532,126.9628648
공립,7021205,서울양원숲초등학교,서울특별시동부교육지원청,2057,서울특별시 중랑구 양원역로 95,(망우동/ 서울양원숲초등학교),20220301,20220501,B10,20230326,37.6040289,127.1072605
공립,7021181,서울새솔초등학교,서울특별시동부교육지원청,2055,서울특별시 중랑구 신내역로1길 164,(신내동/서울새솔초등학교),20140301,20140501,B10,20230326,37.6180463,127.111391
사립,7021168,서울삼육초등학교,서울특별시동부교육지원청,2458,서울특별시 동대문구 회기로10길 63,/ 서울삼육초등학교 (회기동),19190401,19131001,B10,20230326,37.5891804,127.0478661
사립,7021121,은석초등학교,서울특별시동부교육지원청,2520,서울특별시 동대문구 장안벚꽃로 205,(장안동/ 은석초등학교),19630328,19630416,B10,20230326,37.5778873,127.0753241
공립,7021120,서울휘봉초등학교,서울특별시동부교육지원청,2511,서울특별시 동대문구 장안벚꽃로 309,(휘경동/서울휘봉초등학교),20060301,20060510,B10,20230326,37.5860882,127.0701328
공립,7021119,서울휘경초등학교,서울특별시동부교육지원청,2495,서울특별시 동대문구 망우로6길 48,(휘경동/ 서울휘경초등학교),19591010,19591010,B10,20230326,37.5857748,127.0581642
공립,7021118,서울홍파초등학교,서울특별시동부교육지원청,2479,서울특별시 동대문구 고산자로 518,(제기동),19590508,19600705,B10,20230326,37.58631190000001,127.0396423
공립,7021117,서울홍릉초등학교,서울특별시동부교육지원청,2457,서울특별시 동대문구 회기로 90,(청량리동),19670915,19671130,B10,20230326,37.5909267,127.0471277
공립,7021116,서울청량초등학교,서울특별시동부교육지원청,2452,서울특별시 동대문구 회기로25길 31,(회기동/서울청량초등학교),19370405,19370405,B10,20230326,37.5920728,127.0554806
공립,7021115,서울중흥초등학교,서울특별시동부교육지원청,2089,서울특별시 중랑구 봉화산로 82,/ 서울중흥초등학교 (중화동),19990726,19991002,B10,20230326,37.6015734,127.0842306
공립,7021114,서울중화초등학교,서울특별시동부교육지원청,2085,서울특별시 중랑구 신내로7가길 22,/ 서울중화초등학교 (신내동),19461107,19461107,B10,20230326,37.6029917,127.0946298
공립,7021113,서울중목초등학교,서울특별시동부교육지원청,2130,서울특별시 중랑구 동일로 665,/ 서울중목초등학교 (면목동),19971104,19971104,B10,20230326,37.5900264,127.0794423
공립,7021112,서울중랑초등학교,서울특별시동부교육지원청,2132,서울특별시 중랑구 봉우재로6길 26,(면목동/중랑초등학교),19720508,19720508,B10,20230326,37.5891824,127.0757822
공립,7021111,서울중곡초등학교,서울특별시동부교육지원청,2245,서울특별시 중랑구 면목로23길 20,(면목동/중곡초등학교),19670905,19670905,B10,20230326,37.5743574,127.0836385
공립,7021110,서울종암초등학교,서울특별시동부교육지원청,2574,서울특별시 동대문구 무학로44길 25,(제기동),19220708,19220708,B10,20230326,37.5818988,127.0311867
공립,7021109,서울전동초등학교,서울특별시동부교육지원청,2508,서울특별시 동대문구 전농로16길 61,/ 서울전동초등학교 (전농동),19681206,19690520,B10,20230326,37.5789529,127.0613852
공립,7021108,서울전농초등학교,서울특별시동부교육지원청,2541,서울특별시 동대문구 사가정로 66,/ 서울전농초등학교 (전농동),19420408,19420408,B10,20230326,37.57448530000001,127.0543724
공립,7021107,서울전곡초등학교,서울특별시동부교육지원청,2505,서울특별시 동대문구 전농로 172,(전농동),19590508,19610406,B10,20230326,37.580487,127.0565035
공립,7021106,서울장평초등학교,서울특별시동부교육지원청,2523,서울특별시 동대문구 답십리로,/ 69길 27 (전농동),19800404,19800404,B10,20230326,37.574081,127.0587743
공립,7021105,서울이문초등학교,서울특별시동부교육지원청,2411,서울특별시 동대문구 신이문로 16,(이문동/ 서울이문초등학교),19670711,19670906,B10,20230326,37.6024281,127.0645358
공립,7021104,서울원묵초등학교,서울특별시동부교육지원청,2022,서울특별시 중랑구 숙선옹주로 109,/ 서울원묵초등학교 (묵동),19951110,19951110,B10,20230326,37.6177169,127.0860188
공립,7021103,서울용두초등학교,서울특별시동부교육지원청,2583,서울특별시 동대문구 천호대로13길 43,(용두동),19481101,19481101,B10,20230326,37.5759108,127.0289656
공립,7021102,서울안평초등학교,서울특별시동부교육지원청,2641,서울특별시 동대문구 장한로14길 61,/ 서울안평초등학교 (장안동),19900716,19901010,B10,20230326,37.5656926,127.0718822
공립,7021101,서울신현초등학교,서울특별시동부교육지원청,2075,서울특별시 중랑구 봉화산로 188,(신내동),19950105,19960301,B10,20230326,37.6056709,127.0936365
공립,7021100,서울신묵초등학교,서울특별시동부교육지원청,2011,서울특별시 중랑구 동일로149길 46,(묵동/신묵초등학교),19841205,19850507,B10,20230326,37.6071681,127.0755496
공립,7021099,서울신답초등학교,서울특별시동부교육지원청,2592,서울특별시 동대문구 천호대로 177,(답십리동/서울신답초등학교),19710901,19720509,B10,20230326,37.5730147,127.0433716
공립,7021098,서울신내초등학교,서울특별시동부교육지원청,2071,서울특별시 중랑구 용마산로125나길 22,(신내동/신내초등학교),19940105,19940506,B10,20230326,37.6042363,127.0999667
공립,7021097,서울상봉초등학교,서울특별시동부교육지원청,2096,서울특별시 중랑구 동일로126가길 11,/ 서울상봉초등학교 (상봉동),19831025,19831025,B10,20230326,37.5980763,127.083759
공립,7021096,서울봉화초등학교,서울특별시동부교육지원청,2027,서울특별시 중랑구 신내로15길 110,(신내동/봉화초등학교),19951115,19960919,B10,20230326,37.613399,127.0921394
공립,7021095,서울배봉초등학교,서울특별시동부교육지원청,2509,서울특별시 동대문구 사가정로 193,/ 배봉초등학교 (전농동),19710105,19711008,B10,20230326,37.5799291,127.0662852
공립,7021094,서울묵현초등학교,서울특별시동부교육지원청,2008,서울특별시 중랑구 동일로157길 75,/ 묵현초등학교,20040901,20041029,B10,20230326,37.6089797,127.0736424
공립,7021093,서울묵동초등학교,서울특별시동부교육지원청,2050,서울특별시 중랑구 동일로138길 27,/ 서울묵동초등학교 (중화동),19721025,19721025,B10,20230326,37.6039693,127.081321
공립,7021092,서울면중초등학교,서울특별시동부교육지원청,2193,서울특별시 중랑구 용마산로70길 43,/ 서울면중초등학교 (면목동),19760605,19760605,B10,20230326,37.5821737,127.0969242
공립,7021091,서울면일초등학교,서울특별시동부교육지원청,2184,서울특별시 중랑구 용마산로100길 13,/ 면일초등학교 (망우동),19830421,19830421,B10,20230326,37.5919801,127.0993753
공립,7021090,서울면북초등학교,서울특별시동부교육지원청,2180,서울특별시 중랑구 용마공원로5길 32,/ 서울면북초등학교 (망우동),19830701,19831026,B10,20230326,37.5942577,127.1034907
공립,7021089,서울면목초등학교,서울특별시동부교육지원청,2160,서울특별시 중랑구 면목로 434,(면목동),19300401,19441112,B10,20230326,37.5912359,127.0877097
공립,7021088,서울면동초등학교,서울특별시동부교육지원청,2220,서울특별시 중랑구 면목로57길 32,(면목동/ 면동초등학교),19780901,19780901,B10,20230326,37.5852697,127.0866741
공립,7021087,서울면남초등학교,서울특별시동부교육지원청,2251,서울특별시 중랑구 면목로30나길 38,(면목동/면남초등학교),19820701,19831019,B10,20230326,37.5772297,127.0881007
공립,7021086,서울망우초등학교,서울특별시동부교육지원청,2179,서울특별시 중랑구 망우로72길 49,/ 서울망우초등학교 (망우동),19760820,19770506,B10,20230326,37.5983289,127.1034359
공립,7021085,서울동원초등학교,서울특별시동부교육지원청,2061,서울특별시 중랑구 송림길 114,/ 서울동원초등학교 (망우동),19910121,19910504,B10,20230326,37.6049029,127.1049361
공립,7021084,서울동답초등학교,서울특별시동부교육지원청,2609,서울특별시 동대문구 답십리로60길 12,(답십리동/서울동답초등학교),19831203,19840523,B10,20230326,37.5719683,127.0645838
공립,7021083,서울답십리초등학교,서울특별시동부교육지원청,2601,서울특별시 동대문구 전농로3길 23,/ 서울답십리초등학교 (답십리동),19620201,19621129,B10,20230326,37.5688678,127.0556519
공립,7021082,서울군자초등학교,서울특별시동부교육지원청,2632,서울특별시 동대문구 한천로6길 21,/ 서울군자초등학교 (장안동),19730106,19731122,B10,20230326,37.5642058,127.0613158
사립,7021080,금성초등학교,서울특별시동부교육지원청,2028,서울특별시 중랑구 신내로21길 55,/ 금성초등학교 (신내동),19650607,19650626,B10,20230326,37.6150762,127.0896428
사립,7021079,경희초등학교,서울특별시동부교육지원청,2447,서울특별시 동대문구 경희대로 26,/ 경희초등학교 (회기동/ 경희대학교),19610331,19610518,B10,20230326,37.5967122,127.0513948
